id_provider,name,city,service_type,codeP
1,Cooper-Lloyd,Jendouba,Decoration,P1
2,Andrews, Hart and Smith,Kébili,Decoration,P2
3,Gutierrez LLC,Kairouan,Decoration,P3
4,Riggs-Gray,Siliana,Decoration,P4
5,Parker-Lowe,Tataouine,Decoration,P5
6,Cox, Cannon and Valenzuela,Ariana,Photography,P6
7,Kidd, Miller and Douglas,Zaghouan,DJ,P7
8,Edwards-Larson,Kasserine,Catering,P8
9,Silva, Kelly and Mcpherson,Manouba,DJ,P9
10,Sloan-Benton,Tunis,Catering,P10
11,Torres, Le and Navarro,Kasserine,Photography,P11
12,Arroyo-Martin,Ariana,DJ,P12
13,Weaver, Wells and Johnson,Béja,Decoration,P13
14,Nichols-Hill,Kairouan,Photography,P14
15,Beltran Ltd,Ben Arous,Catering,P15
16,Bishop-Davila,Kef,DJ,P16
17,Archer-Murphy,Jendouba,Catering,P17
18,Haynes LLC,Bizerte,Photography,P18
19,Roman-Scott,Kairouan,Venue,P19
20,Jackson PLC,Siliana,Photography,P20
21,Gilbert LLC,Monastir,Catering,P21
22,West PLC,Kasserine,Photography,P22
23,Barnes, White and Casey,Jendouba,Venue,P23
24,Horton, Hendricks and Edwards,Nabeul,Catering,P24
25,Campbell, Humphrey and Sullivan,Manouba,Venue,P25
26,Walker, Holmes and Sanders,Mahdia,Decoration,P26
27,Hall, Nelson and Garcia,Tozeur,DJ,P27
28,Thompson Inc,Mahdia,Venue,P28
29,Weaver-Pollard,Kef,Venue,P29
30,White-Smith,Ben Arous,Decoration,P30
31,Robinson-Haynes,Gafsa,Venue,P31
32,Johnson PLC,Tunis,DJ,P32
33,Wallace-Lopez,Ariana,Photography,P33
34,Hartman Ltd,Nabeul,Decoration,P34
35,Garcia and Sons,Gabčs,Photography,P35
36,Holden-Howe,Mahdia,Catering,P36
37,Turner-Brown,Kasserine,Decoration,P37
38,Wade-Page,Tunis,Catering,P38
39,Clay, Sanchez and Harvey,Kairouan,Catering,P39
40,Cruz-Sanchez,Tunis,Venue,P40
41,Williams, Bishop and Tran,Ariana,Decoration,P41
42,Bennett, Martinez and Kelley,Tunis,Venue,P42
43,Harrison-Ramsey,Siliana,Catering,P43
44,Hendricks, White and Meyer,Bizerte,DJ,P44
45,Warner, Evans and Evans,Béja,Catering,P45
46,Collins-Sanders,Kébili,Venue,P46
47,Russell PLC,Gafsa,DJ,P47
48,Hunter-Howard,Sfax,Catering,P48
49,Wagner, Long and Bond,Médenine,Decoration,P49
50,Miller Group,Manouba,Photography,P50
51,Knox-Wilson,Gabčs,Decoration,P51
52,Duran, Delgado and Anderson,Jendouba,Venue,P52
53,Klein-Baker,Nabeul,DJ,P53
54,Taylor, Martinez and Cooper,Ariana,Catering,P54
55,Brown-Abbott,Zaghouan,Catering,P55
56,Dunn Inc,Jendouba,DJ,P56
57,Frye-Gonzalez,Kef,Venue,P57
58,Hall LLC,Kairouan,Catering,P58
59,Boyd, Rodriguez and Cooper,Gabčs,Decoration,P59
60,Smith, Robinson and Norton,Manouba,Venue,P60
61,Lopez, Melton and Johnston,Tozeur,Catering,P61
62,Craig LLC,Gabčs,Photography,P62
63,Day, Lewis and Sullivan,Ariana,Decoration,P63
64,Williams, Mann and Nicholson,Kébili,DJ,P64
66,Long, White and Gutierrez,Bizerte,Decoration,P66
67,Reynolds, Gibbs and Smith,Siliana,Decoration,P67
68,Marquez, Stephens and Clark,Kasserine,Catering,P68
69,Fields Ltd,Tozeur,Catering,P69
70,Thomas, Sims and Maldonado,Béja,Venue,P70
71,Adams-Moore,Gafsa,Photography,P71
72,Hall, Downs and Mendoza,Gabčs,Catering,P72
74,Castro-Espinoza,Kairouan,Venue,P74
75,Jones-Ford,Béja,DJ,P75
76,Mullen PLC,Manouba,Catering,P76
77,Gonzalez-Atkinson,Sousse,Catering,P77
78,Jones and Sons,Mahdia,DJ,P78
79,Serrano, Gay and Rios,Béja,Catering,P79
80,Bentley-Johnston,Kairouan,Photography,P80
81,Savage-Grant,Kasserine,DJ,P81
82,Castro PLC,Jendouba,Photography,P82
83,Cross, Hatfield and Williamson,Ben Arous,Decoration,P83
84,Hamilton PLC,Tozeur,DJ,P84
85,Mcdonald, Evans and Robertson,Siliana,Decoration,P85
86,Harvey PLC,Tozeur,Decoration,P86
87,Jones-Foster,Tataouine,Photography,P87
88,Kennedy, Collins and Baker,Gabčs,Catering,P88
89,Potter, Reese and Snyder,Ariana,Venue,P89
90,Myers LLC,Monastir,Decoration,P90
91,Fields-Jennings,Médenine,DJ,P91
92,Smith-Rojas,Béja,Venue,P92
93,Martinez PLC,Médenine,Venue,P93
94,Harris Inc,Kef,DJ,P94
95,Andrews-Martinez,Jendouba,Decoration,P95
96,Ingram-Bell,Ben Arous,Venue,P96
97,Brown, Chavez and Mcbride,Tataouine,DJ,P97
98,Thomas Ltd,Béja,Catering,P98
99,Spencer and Sons,Ben Arous,Photography,P99
100,Johnson, Mata and Green,Sousse,Venue,P100
101,Le-Scott,Manouba,Photography,P101
102,Miller-Lyons,Kasserine,Decoration,P102
103,Gilbert, Alvarez and Sullivan,Kef,Photography,P103
104,Valencia, Russell and Ruiz,Nabeul,Venue,P104
105,Oneal-Jenkins,Ariana,Catering,P105
106,Johnson, Warren and Jones,Zaghouan,Catering,P106
107,Hahn-Robinson,Jendouba,DJ,P107
108,Baker-White,Médenine,Decoration,P108
109,Cain-Hobbs,Kébili,Photography,P109
110,Carter-Vance,Sfax,Decoration,P110
111,Gray, Daniels and Orr,Nabeul,Decoration,P111
112,Buck-Francis,Manouba,Catering,P112
113,Hudson, Garcia and Smith,Sousse,Venue,P113
114,Davidson and Sons,Tataouine,Catering,P114
115,Myers Group,Sfax,DJ,P115
116,Hutchinson PLC,Jendouba,Photography,P116
118,Thomas and Sons,Mahdia,Photography,P118
119,Ayala Ltd,Jendouba,Decoration,P119
120,Martinez PLC,Siliana,Venue,P120
121,Hansen, Romero and Shields,Monastir,Decoration,P121
122,Ward-Lin,Siliana,Venue,P122
123,Baker-Olsen,Tozeur,Venue,P123
124,Fletcher LLC,Médenine,Catering,P124
125,Holmes-Henry,Sousse,DJ,P125
126,Garcia, Wilkerson and King,Kasserine,Catering,P126
127,Johnson-Garrison,Ariana,DJ,P127
128,Sellers-Owens,Manouba,Venue,P128
130,Olsen, Lambert and Long,Siliana,DJ,P130
131,Woodard Ltd,Béja,Decoration,P131
132,Stewart-Green,Monastir,Decoration,P132
133,Olson Ltd,Zaghouan,Catering,P133
134,Davis-Jackson,Bizerte,Decoration,P134
135,Cunningham Inc,Zaghouan,Venue,P135
136,House Group,Médenine,Decoration,P136
137,Evans-Watkins,Jendouba,Catering,P137
138,Brown Inc,Zaghouan,Catering,P138
139,Smith, Weeks and Owens,Tataouine,Photography,P139
140,Collins-Hunter,Monastir,Photography,P140
141,Cole Group,Zaghouan,Decoration,P141
142,Stewart-Roberts,Kairouan,Decoration,P142
143,Weaver, Oconnor and Howell,Kébili,Venue,P143
144,Jones, Decker and Johnson,Tunis,Decoration,P144
146,Owens, Jackson and Evans,Manouba,Catering,P146
147,Martin, King and Davis,Ariana,Decoration,P147
148,Harris Ltd,Manouba,Photography,P148
149,Farley, Moore and Burns,Gafsa,Catering,P149
150,Martinez-Krause,Sousse,Decoration,P150
151,Padilla, Johnson and Young,Sfax,Photography,P151
152,Ellis and Sons,Kef,Catering,P152
153,Powers PLC,Sfax,Decoration,P153
154,Collins LLC,Mahdia,Catering,P154
155,Ayala and Sons,Zaghouan,Photography,P155
156,Cole Ltd,Kasserine,Photography,P156
157,Kerr-Barton,Monastir,DJ,P157
158,Mueller Ltd,Jendouba,Photography,P158
160,Green PLC,Kairouan,Decoration,P160
161,Yu LLC,Kef,Catering,P161
162,Stewart and Sons,Jendouba,Photography,P162
163,Crawford LLC,Gabčs,Decoration,P163
164,Hood-Brown,Ariana,DJ,P164
165,Jones-Johnson,Zaghouan,DJ,P165
166,Garrett PLC,Béja,DJ,P166
167,Martin-Hammond,Monastir,Decoration,P167
168,Vaughn-Martinez,Sousse,Photography,P168
169,Kemp, Davis and Payne,Siliana,Catering,P169
170,Mitchell Inc,Nabeul,Venue,P170
171,Reed, Fisher and Lewis,Tozeur,Decoration,P171
172,Morrison LLC,Jendouba,Venue,P172
173,Williams, Jones and Lopez,Siliana,Catering,P173
174,Johnson-Lopez,Ben Arous,Photography,P174
175,Evans-Sellers,Sfax,Venue,P175
176,Hernandez-Brown,Manouba,Catering,P176
177,Coleman Ltd,Bizerte,Photography,P177
178,Jones Inc,Kébili,Photography,P178
179,Osborn-Garcia,Gabčs,Catering,P179
180,Page, Patterson and Ward,Kasserine,Decoration,P180
181,Lewis Group,Mahdia,DJ,P181
182,Wallace PLC,Gabčs,Decoration,P182
183,Barton-Frederick,Gafsa,DJ,P183
184,Jackson-Nash,Nabeul,Venue,P184
185,Hawkins-Combs,Kairouan,Photography,P185
186,Saunders, Farrell and Taylor,Kairouan,Venue,P186
187,Garner-Gilbert,Tozeur,Venue,P187
188,Berger, Arnold and Perez,Manouba,Catering,P188
189,Carlson, Howard and Mccarthy,Bizerte,Decoration,P189
191,Reed, Wyatt and Harris,Ariana,Decoration,P191
192,Salazar-Fleming,Kairouan,DJ,P192
194,Noble-Blevins,Bizerte,Decoration,P194
195,Johnson, Neal and Livingston,Béja,Photography,P195
196,Martin-Williams,Tataouine,Catering,P196
197,Weber and Sons,Nabeul,DJ,P197
198,Sandoval Group,Médenine,Photography,P198
199,Smith-Aguilar,Manouba,DJ,P199
200,Myers Inc,Monastir,Photography,P200
201,Mcbride, Powers and Smith,Kairouan,Photography,P201
202,Castillo Ltd,Tunis,Photography,P202
203,Lopez-Peterson,Gafsa,Decoration,P203
204,Weeks PLC,Tunis,Photography,P204
206,Frazier-Robinson,Kef,Photography,P206
207,Martin LLC,Tunis,Venue,P207
208,Hurst, Webster and Robertson,Bizerte,Photography,P208
209,Torres Inc,Kasserine,Venue,P209
210,Smith-Wolf,Mahdia,Photography,P210
211,Shepherd, Townsend and James,Jendouba,Decoration,P211
212,Johnson Inc,Zaghouan,Venue,P212
214,Alvarado-Gutierrez,Monastir,Venue,P214
215,Hudson, Miller and Smith,Tozeur,Photography,P215
216,Jensen PLC,Béja,Catering,P216
217,Scott, Hall and Jackson,Kef,Decoration,P217
218,Humphrey, Pope and Murphy,Tunis,Venue,P218
219,White Inc,Zaghouan,Decoration,P219
220,Smith and Sons,Zaghouan,DJ,P220
221,Friedman Inc,Kasserine,DJ,P221
222,Brady-Rogers,Jendouba,Catering,P222
223,Mckinney, Silva and Gonzalez,Bizerte,DJ,P223
224,Young, Vazquez and Hale,Gabčs,DJ,P224
225,Kelly-Morales,Bizerte,Catering,P225
226,Henderson-Rivera,Gafsa,Catering,P226
227,Wallace, Lee and Rodriguez,Nabeul,Venue,P227
229,Flores PLC,Tataouine,Venue,P229
230,Henry, Gonzalez and Lee,Bizerte,Venue,P230
231,Smith, Wright and Ramirez,Kébili,Catering,P231
232,Flores-Rodriguez,Nabeul,Photography,P232
233,Kemp Ltd,Manouba,DJ,P233
234,Warren Ltd,Kef,Venue,P234
235,Williams Group,Bizerte,Photography,P235
236,Ortiz, Santiago and Morrison,Kasserine,Decoration,P236
238,Wilson-Fletcher,Kairouan,DJ,P238
239,Russell-Lang,Kef,DJ,P239
240,Nguyen, French and Duran,Médenine,Photography,P240
241,Bruce Ltd,Kairouan,Photography,P241
242,Garza LLC,Manouba,Decoration,P242
243,Rowland Ltd,Ariana,Catering,P243
244,Walls-Simpson,Médenine,Decoration,P244
245,Morgan, Torres and Garza,Monastir,Decoration,P245
246,Myers-Bryan,Gabčs,DJ,P246
247,Colon Inc,Monastir,Decoration,P247
248,Brown-Harris,Gafsa,DJ,P248
249,Aguilar PLC,Kasserine,Catering,P249
250,Brandt, Villegas and Johnson,Sfax,Venue,P250
251,Castaneda and Sons,Gabčs,Venue,P251
252,Sheppard and Sons,Sfax,Catering,P252
253,Wheeler, Glass and Stewart,Jendouba,Catering,P253
254,Hunter, Miller and Bell,Kasserine,Catering,P254
255,Gutierrez, Hunt and Williams,Ariana,Catering,P255
256,Baker-Bass,Mahdia,Decoration,P256
257,Davis Group,Tataouine,DJ,P257
258,Brennan-Galvan,Kairouan,DJ,P258
260,Mcneil-Roberts,Sousse,Catering,P260
261,Patterson, Montoya and Koch,Gabčs,Catering,P261
262,Thompson, Wood and Fox,Monastir,Photography,P262
263,Green Ltd,Jendouba,Decoration,P263
264,Moore LLC,Kairouan,Decoration,P264
265,Miller, Hinton and Mcbride,Zaghouan,Venue,P265
266,Cannon-Greene,Mahdia,DJ,P266
267,Harris and Sons,Ben Arous,DJ,P267
268,Shannon, Myers and Castro,Kasserine,DJ,P268
269,Lewis-Patterson,Tunis,Venue,P269
270,Alexander-Hill,Monastir,Photography,P270
271,Arias, Fields and Lee,Kef,DJ,P271
272,Lawson-Watts,Gabčs,Venue,P272
273,Hanson-Hall,Ariana,Decoration,P273
274,Cummings, Jackson and Taylor,Mahdia,Catering,P274
275,Bauer-Huynh,Nabeul,Venue,P275
276,Sosa-Aguilar,Manouba,Catering,P276
277,Hudson-Rios,Bizerte,DJ,P277
278,Rodriguez, Ward and Cook,Kébili,Venue,P278
279,Garcia LLC,Mahdia,Photography,P279
280,Campos-Murray,Monastir,Decoration,P280
281,Powell-Morris,Tataouine,Catering,P281
282,Riley LLC,Jendouba,Venue,P282
283,Garcia-Christian,Nabeul,DJ,P283
284,Ruiz, Waller and Rios,Tunis,Venue,P284
285,Davis, Moore and Prince,Nabeul,Venue,P285
287,Lynn, King and Lopez,Ariana,DJ,P287
288,Jackson, Brooks and Davis,Nabeul,Decoration,P288
289,Wilson-Hernandez,Manouba,Catering,P289
290,Hayes and Sons,Kef,Photography,P290
291,Johnson, Waters and Graham,Monastir,Catering,P291
292,Watson PLC,Ariana,DJ,P292
293,Martinez, Stuart and Cooper,Zaghouan,Venue,P293
294,Chandler, Mora and Haynes,Bizerte,Photography,P294
295,Stewart, Costa and Cardenas,Ariana,Venue,P295
296,Huffman-Norton,Ben Arous,Decoration,P296
297,Fuller Inc,Kairouan,Venue,P297
298,Hopkins and Sons,Médenine,Catering,P298
299,Murphy, Blanchard and Harris,Ariana,Decoration,P299
300,Marshall, Osborne and Newman,Médenine,Catering,P300
301,Robles, King and Haynes,Ben Arous,Decoration,P301
302,Sutton, Friedman and Ramirez,Sfax,Venue,P302
303,Haynes Inc,Kasserine,DJ,P303
304,Rosales, Hanson and Fields,Manouba,Decoration,P304
305,Hansen and Sons,Kairouan,Catering,P305
306,Kane-Hanson,Médenine,DJ,P306
307,Taylor, Davidson and Armstrong,Kasserine,Decoration,P307
308,Williams-Heath,Siliana,Venue,P308
309,Ward Inc,Manouba,Catering,P309
310,Cole and Sons,Kasserine,Catering,P310
311,Curtis, Pierce and Khan,Zaghouan,DJ,P311
314,Short, Hill and Gray,Tozeur,DJ,P314
315,Green, Freeman and Mcbride,Kairouan,Catering,P315
316,Torres Group,Mahdia,Venue,P316
317,Anderson-Anderson,Médenine,Photography,P317
318,Harris, Stark and Duran,Tataouine,Decoration,P318
319,Summers-Baker,Nabeul,Catering,P319
320,Boone-Thomas,Manouba,Catering,P320
321,King, Moore and Macdonald,Sousse,Catering,P321
322,Moore PLC,Kairouan,Catering,P322
323,Diaz, Morgan and Hendricks,Tataouine,Catering,P323
324,Roberson Group,Gabčs,Photography,P324
325,Wilson-Hayes,Médenine,Photography,P325
326,Powell PLC,Mahdia,Photography,P326
327,Evans-Howard,Kébili,DJ,P327
328,Cooper, Shepard and Ramirez,Tunis,Photography,P328
329,Burgess, Calhoun and George,Kasserine,Photography,P329
330,Patterson-Ewing,Tozeur,Photography,P330
332,Mills PLC,Mahdia,Photography,P332
333,Lee, Jordan and Obrien,Zaghouan,Venue,P333
335,Bennett and Sons,Ariana,Decoration,P335
336,Evans PLC,Tunis,Decoration,P336
337,Barron-Johnson,Kasserine,Venue,P337
338,Hernandez LLC,Siliana,Venue,P338
339,Turner-Watkins,Kasserine,DJ,P339
340,Jefferson, Miller and Gonzales,Manouba,Decoration,P340
341,Rowland, Flores and Carroll,Siliana,Catering,P341
342,Williams-Chavez,Nabeul,Photography,P342
343,Martin, Gonzalez and Rodriguez,Kébili,Catering,P343
344,Sparks-Brock,Sfax,DJ,P344
345,Lynn LLC,Béja,Photography,P345
346,Rosario-Morgan,Siliana,Catering,P346
347,Lyons, Young and Miller,Kébili,Venue,P347
348,Anderson Ltd,Gafsa,Venue,P348
349,Sparks-Gutierrez,Béja,Venue,P349
350,Boyd-Gutierrez,Kef,Decoration,P350
351,Davis, Thompson and Cox,Béja,Catering,P351
352,Cox Ltd,Médenine,Decoration,P352
353,Johnson Inc,Gabčs,Venue,P353
354,Smith, Berry and Cherry,Kasserine,Catering,P354
355,Smith Group,Kairouan,Venue,P355
356,Smith-Fernandez,Gafsa,Photography,P356
357,Buchanan-Ryan,Tataouine,Venue,P357
358,Williams, Bailey and Hammond,Jendouba,DJ,P358
359,Rodriguez PLC,Sousse,DJ,P359
360,Boyd and Sons,Nabeul,Photography,P360
361,Duncan-Murray,Kébili,DJ,P361
363,Taylor-Robinson,Gafsa,Catering,P363
364,Ellis and Sons,Ariana,Venue,P364
365,Guerrero-Ware,Nabeul,Photography,P365
366,Liu, Williams and Jensen,Zaghouan,Venue,P366
367,Spears, Pruitt and Reilly,Tozeur,Venue,P367
368,Scott-Ford,Nabeul,Catering,P368
369,Cline-Duncan,Zaghouan,DJ,P369
370,Moore LLC,Sfax,DJ,P370
371,Williams-Saunders,Bizerte,Venue,P371
372,Farmer, Gordon and Simpson,Bizerte,Decoration,P372
373,Terrell-Williams,Mahdia,Decoration,P373
374,Hunt, Gutierrez and Smith,Zaghouan,Photography,P374
375,Higgins, Delgado and West,Kasserine,Decoration,P375
376,Mendoza-Carson,Mahdia,Venue,P376
377,Oconnor, Vaughn and Mack,Monastir,DJ,P377
378,Rose, Osborne and Boyd,Bizerte,Venue,P378
379,Sanchez and Sons,Ariana,Catering,P379
380,Davis Inc,Ariana,Catering,P380
381,Gibson, Burns and Smith,Tozeur,Venue,P381
382,Harris-Garrett,Tozeur,Decoration,P382
383,Sullivan and Sons,Sousse,Catering,P383
384,Shaffer-Rodriguez,Ariana,Catering,P384
385,Barnes PLC,Tunis,DJ,P385
386,Jordan, Gordon and Schneider,Tozeur,Decoration,P386
387,Johnson-Williams,Kasserine,DJ,P387
388,Young-Rivas,Médenine,Photography,P388
389,Evans and Sons,Monastir,Venue,P389
390,Jones and Sons,Béja,Catering,P390
391,Booker-Sosa,Manouba,Catering,P391
392,Taylor Ltd,Gafsa,DJ,P392
393,Willis-Christian,Tunis,DJ,P393
394,Moore-Nichols,Kairouan,Venue,P394
396,Thomas Inc,Tunis,DJ,P396
397,Hall and Sons,Sfax,Photography,P397
398,Cook-Brennan,Mahdia,Venue,P398
399,Miller, Erickson and Mayer,Sousse,Decoration,P399
400,Adams, David and Williams,Jendouba,Venue,P400
401,Kelley, Smith and Johnson,Tunis,DJ,P401
403,Bishop, Copeland and Juarez,Mahdia,Photography,P403
404,Fernandez-Johnson,Médenine,Decoration,P404
405,James LLC,Béja,Decoration,P405
406,Smith, Patrick and Norman,Mahdia,Photography,P406
407,Garcia-Mercer,Ariana,Catering,P407
408,Adams, Young and Smith,Gafsa,Venue,P408
409,Parks, Smith and Johnson,Ariana,Venue,P409
410,Curtis Group,Tataouine,Decoration,P410
411,Arroyo LLC,Monastir,Photography,P411
412,Harrison, Bailey and Thompson,Tunis,DJ,P412
413,Turner-Sullivan,Siliana,Decoration,P413
414,Jones-Taylor,Gafsa,Venue,P414
415,Hardy Inc,Kef,DJ,P415
416,Thomas and Sons,Kébili,DJ,P416
417,Deleon Ltd,Manouba,Photography,P417
418,Mcconnell Ltd,Mahdia,DJ,P418
419,White Group,Bizerte,DJ,P419
420,Werner, Dixon and Fischer,Nabeul,DJ,P420
421,Wilson, Jordan and Rodriguez,Kairouan,Catering,P421
422,Hill and Sons,Tataouine,Photography,P422
423,Snyder-Bell,Jendouba,Decoration,P423
424,Logan, Hanson and Ramos,Béja,Photography,P424
425,Campbell Inc,Zaghouan,Venue,P425
426,Anthony, Johnson and Hill,Siliana,Venue,P426
427,Price, Smith and Gomez,Gabčs,Photography,P427
428,Walker, Ford and Brown,Sousse,Catering,P428
429,Gomez Group,Tataouine,Venue,P429
430,Thomas PLC,Zaghouan,Decoration,P430
431,Jones, Shepherd and Serrano,Bizerte,DJ,P431
432,Forbes and Sons,Tozeur,Venue,P432
433,Cordova, Crawford and Fischer,Béja,Photography,P433
434,Gomez-Buchanan,Médenine,Decoration,P434
436,Wong, Bruce and Mercado,Monastir,Decoration,P436
437,Hall-Joseph,Sousse,Catering,P437
438,Braun-Mcdonald,Nabeul,DJ,P438
439,Adkins Ltd,Gafsa,Decoration,P439
440,Velez LLC,Nabeul,Photography,P440
441,Castaneda Group,Sfax,Venue,P441
442,Bennett-Perez,Kasserine,Photography,P442
443,Skinner-Campbell,Sfax,Catering,P443
444,Richardson, Thomas and Adams,Manouba,Photography,P444
445,Johnston LLC,Jendouba,Catering,P445
446,Alvarado-Gonzales,Gafsa,Decoration,P446
447,Henson-Myers,Kébili,Venue,P447
448,Hall-Miller,Sfax,Venue,P448
449,Moore Inc,Gabčs,DJ,P449
451,Mack-Roy,Ariana,DJ,P451
452,Ramsey-Frey,Kairouan,Decoration,P452
453,Brown-West,Kef,Venue,P453
454,Hoover-Kirk,Kairouan,DJ,P454
455,Austin, Brown and Franklin,Manouba,Photography,P455
456,Rodriguez-Turner,Kébili,DJ,P456
457,Stanley-Hooper,Mahdia,Catering,P457
458,Lowe-Moses,Gafsa,DJ,P458
459,Peterson, Clark and Smith,Sfax,DJ,P459
460,Ramirez, Jackson and Miller,Tataouine,Photography,P460
461,Jackson-Carter,Tozeur,Catering,P461
463,Page PLC,Tunis,Photography,P463
464,Arias PLC,Gafsa,Decoration,P464
465,Moreno-Moore,Kébili,DJ,P465
466,Hansen Inc,Nabeul,Decoration,P466
467,Ramos, Thompson and Mckay,Tataouine,DJ,P467
468,Wu-Galloway,Nabeul,DJ,P468
469,Williams-Hughes,Tozeur,DJ,P469
470,Quinn Group,Kébili,Venue,P470
471,Robertson, Ortiz and Nelson,Béja,Photography,P471
472,Andrade LLC,Gabčs,Decoration,P472
473,Fuentes Inc,Nabeul,Decoration,P473
474,Navarro Inc,Monastir,DJ,P474
475,Jimenez Ltd,Jendouba,Venue,P475
476,Carson, Nichols and Cook,Béja,Decoration,P476
477,Johnson, Gonzalez and Jones,Tozeur,Catering,P477
478,Scott Group,Manouba,Photography,P478
480,Fernandez-Cooper,Gafsa,Catering,P480
481,Ward-Galvan,Nabeul,Decoration,P481
482,Smith, Scott and Bruce,Jendouba,DJ,P482
483,Howard and Sons,Manouba,Catering,P483
484,Mcintyre-Juarez,Tataouine,DJ,P484
485,Fuentes, Owens and Howard,Médenine,DJ,P485
486,Burch, Williams and Carter,Tunis,Decoration,P486
487,Smith, Ramirez and Brown,Gabčs,Venue,P487
488,Jackson LLC,Bizerte,Venue,P488
489,Jones, Richards and Davis,Médenine,Catering,P489
490,Lynch Group,Zaghouan,Catering,P490
491,Ortiz, Sims and Sanford,Gafsa,Decoration,P491
492,Vazquez Ltd,Mahdia,Catering,P492
493,Smith, Richardson and Terry,Tataouine,Catering,P493
494,Russell Ltd,Nabeul,DJ,P494
495,Rogers, Franklin and Guzman,Béja,Catering,P495
496,Cook, Coleman and Smith,Kasserine,Photography,P496
497,Gonzalez-Curtis,Tataouine,DJ,P497
498,Frey-Moore,Kef,Venue,P498
499,Mendoza Ltd,Médenine,Photography,P499
500,Hines and Sons,Ariana,Photography,P500
501,Briggs LLC,Bizerte,DJ,P501
502,Wilkinson, Ellis and Riley,Ben Arous,Catering,P502
503,Christian-Jordan,Jendouba,Venue,P503
504,Cobb-Jones,Gabčs,Venue,P504
505,Martin-Shannon,Kébili,DJ,P505
506,Mckee, Hess and Bryant,Zaghouan,Decoration,P506
507,Brown Inc,Sfax,Decoration,P507
508,Johnson Inc,Kairouan,Decoration,P508
509,Smith PLC,Tunis,Decoration,P509
511,Ray, Murray and Murphy,Ariana,Catering,P511
512,Ramirez PLC,Kef,DJ,P512
513,Reyes-Perkins,Nabeul,Venue,P513
514,Bryant, Hunter and Davidson,Médenine,Decoration,P514
515,Colon, Phillips and Sanders,Kef,DJ,P515
516,Mcintyre Group,Kasserine,Decoration,P516
517,Morrison-Walters,Tozeur,Catering,P517
518,Velazquez and Sons,Kairouan,DJ,P518
519,Newman-Krueger,Sousse,DJ,P519
520,Patterson-Hall,Ariana,DJ,P520
521,Park-Hernandez,Médenine,Venue,P521
523,Lewis, Mooney and Rios,Tataouine,Venue,P523
524,Moore, Chavez and English,Gafsa,Catering,P524
525,Smith, Bradford and Cunningham,Sousse,Catering,P525
526,Rivas-Stone,Siliana,DJ,P526
527,Hughes, Jenkins and Wilkinson,Mahdia,DJ,P527
528,Bowman-Wood,Tozeur,Venue,P528
529,Torres PLC,Tunis,DJ,P529
530,Bowen and Sons,Monastir,Catering,P530
531,Smith Group,Médenine,Decoration,P531
532,Cochran-Baker,Kairouan,Photography,P532
533,Green, Hoffman and Armstrong,Nabeul,Catering,P533
534,Turner, Rollins and Williams,Jendouba,Photography,P534
535,Marquez-Phillips,Manouba,Venue,P535
536,Escobar-Taylor,Manouba,Venue,P536
537,Bryant, Hunt and Turner,Manouba,Decoration,P537
538,Ellis Ltd,Médenine,Photography,P538
539,Costa LLC,Tunis,Photography,P539
540,Henry, Mckinney and Garcia,Kasserine,DJ,P540
541,Ross-Martinez,Jendouba,Photography,P541
542,Taylor-Garcia,Ben Arous,Decoration,P542
543,Johnson, Smith and Davis,Bizerte,DJ,P543
544,Wise, Stevenson and Garcia,Tozeur,DJ,P544
545,Jones PLC,Siliana,Photography,P545
546,Fernandez LLC,Sfax,Photography,P546
547,Vaughn Ltd,Tunis,Photography,P547
548,Horne-Gonzalez,Gafsa,Decoration,P548
549,Salas, Huber and Townsend,Monastir,Photography,P549
550,Brown, George and Vaughn,Kasserine,Catering,P550
551,Howard, Young and Green,Zaghouan,Venue,P551
552,Gutierrez-Wilkins,Gabčs,Photography,P552
553,Kelly-Lawson,Tunis,DJ,P553
554,Dixon PLC,Kasserine,Catering,P554
555,Garcia, Price and Jennings,Ariana,Photography,P555
556,Tanner PLC,Kairouan,Photography,P556
557,Ward-Nguyen,Tataouine,Catering,P557
558,Webb Inc,Ben Arous,DJ,P558
559,Wallace PLC,Manouba,Venue,P559
560,Sellers-Williams,Ariana,Catering,P560
561,Mendoza, Mckenzie and Mathews,Manouba,DJ,P561
562,Johnson, Johnson and Pham,Gafsa,Photography,P562
563,Anderson-Hartman,Ariana,Photography,P563
564,Munoz Ltd,Monastir,Venue,P564
565,Wilson-Martin,Béja,Photography,P565
566,Jones Inc,Sfax,Venue,P566
567,Mcdaniel-Scott,Béja,Decoration,P567
568,Gardner-Pierce,Kébili,Decoration,P568
569,Andrade PLC,Médenine,Venue,P569
570,Jimenez Group,Tozeur,Decoration,P570
571,Dennis-Jones,Nabeul,Decoration,P571
572,Waller-Christensen,Tozeur,DJ,P572
573,Johnson and Sons,Tunis,Decoration,P573
574,Perez, Cooper and Garcia,Ben Arous,Venue,P574
575,Walker Group,Mahdia,Photography,P575
576,Evans, Villarreal and Thompson,Zaghouan,Venue,P576
577,Wade LLC,Gafsa,DJ,P577
578,Torres Inc,Nabeul,DJ,P578
579,Johnson, Silva and Singh,Nabeul,Venue,P579
580,Lewis Inc,Kébili,Decoration,P580
581,Price PLC,Béja,DJ,P581
582,Morgan, Lang and Horne,Kasserine,Photography,P582
583,Henson Group,Bizerte,DJ,P583
584,Davis-Humphrey,Jendouba,Decoration,P584
585,Perez-Floyd,Manouba,Catering,P585
586,Adams and Sons,Manouba,Decoration,P586
587,Phillips PLC,Kébili,Venue,P587
588,Carter-Diaz,Mahdia,Catering,P588
589,Anderson, Long and Mercer,Ariana,Photography,P589
590,Hurst-Garner,Jendouba,Photography,P590
591,Greene and Sons,Gabčs,DJ,P591
592,Torres-Woods,Ariana,Photography,P592
593,Nguyen and Sons,Siliana,Photography,P593
594,Larsen-Stout,Nabeul,Catering,P594
595,Daniels Inc,Tunis,Catering,P595
597,Robinson Ltd,Médenine,Decoration,P597
598,Underwood, Buck and Copeland,Gabčs,DJ,P598
600,Owens, Johnson and Hays,Zaghouan,DJ,P600
601,Barnes-Mcintyre,Gabčs,Photography,P601
602,Hubbard, Boyd and Clark,Béja,Catering,P602
603,Rodriguez PLC,Médenine,Catering,P603
604,Obrien-Lopez,Kasserine,Catering,P604
605,Brown, Stafford and Buchanan,Kairouan,Photography,P605
606,Nelson-Snyder,Nabeul,Decoration,P606
607,Rhodes Ltd,Tunis,Venue,P607
608,Rose, Yang and Benson,Béja,Catering,P608
609,Gonzalez-Curry,Kef,Catering,P609
610,Rogers-Jones,Gafsa,Catering,P610
611,Hays and Sons,Sfax,Decoration,P611
612,Williams Group,Kébili,Catering,P612
613,Benitez-Rogers,Gafsa,Photography,P613
614,Lopez Inc,Siliana,Venue,P614
615,Romero, Campbell and Carroll,Sousse,DJ,P615
616,Martin, Valencia and James,Mahdia,Photography,P616
617,Gibson-Leach,Manouba,DJ,P617
618,Frye-Flynn,Ben Arous,Photography,P618
619,Hanson Ltd,Bizerte,Photography,P619
620,Huffman, Thomas and King,Nabeul,Venue,P620
621,Barnes, Hunter and Lopez,Ben Arous,Decoration,P621
622,Anderson and Sons,Ben Arous,DJ,P622
623,Johns LLC,Médenine,DJ,P623
624,Boyle Ltd,Siliana,Venue,P624
626,King Ltd,Kasserine,Venue,P626
627,Richard, Burke and Moore,Ariana,Decoration,P627
629,Lewis, Smith and Simmons,Mahdia,Decoration,P629
630,Lutz Inc,Monastir,Decoration,P630
631,Salinas, Walton and Johnson,Bizerte,Catering,P631
632,Soto, Williamson and Butler,Zaghouan,Photography,P632
633,Smith Inc,Tataouine,Catering,P633
635,Owens-Johnson,Gabčs,DJ,P635
636,Copeland-Lopez,Kairouan,Venue,P636
637,Strong LLC,Ben Arous,Decoration,P637
638,Savage-Marquez,Jendouba,Photography,P638
639,Wilson Inc,Siliana,Catering,P639
640,Guzman-Simmons,Bizerte,Decoration,P640
641,Harris Ltd,Médenine,Catering,P641
642,Prince-Jones,Kébili,Venue,P642
643,Sawyer PLC,Sfax,Decoration,P643
644,Frazier-Barker,Médenine,Catering,P644
646,Cummings-Smith,Nabeul,Venue,P646
647,Marquez Group,Ben Arous,Catering,P647
648,Peters-Foster,Kairouan,Venue,P648
649,Schaefer, Dennis and Williams,Tozeur,Catering,P649
650,Williams, Bates and Warren,Jendouba,Venue,P650
651,Morris-Black,Béja,DJ,P651
652,Powell-Robinson,Gafsa,Venue,P652
653,Thomas-Barnes,Jendouba,Decoration,P653
654,Williams-Bautista,Manouba,Decoration,P654
655,Garrett, Baker and Garcia,Nabeul,DJ,P655
656,Sims, Oliver and Olsen,Nabeul,Venue,P656
657,Elliott, Tran and Miller,Gafsa,DJ,P657
658,Swanson, Mcintyre and Brown,Médenine,Catering,P658
659,Evans, Love and Wilson,Béja,Photography,P659
660,Wilson Ltd,Bizerte,Venue,P660
662,Jenkins, Sullivan and Pope,Bizerte,Decoration,P662
663,Smith-Jones,Gabčs,Photography,P663
664,Price-Watson,Zaghouan,Decoration,P664
665,Strickland, Hernandez and Davis,Nabeul,Venue,P665
666,Mendez-Manning,Mahdia,Venue,P666
667,Bailey, Arellano and Medina,Kasserine,DJ,P667
668,Price-Reyes,Bizerte,Photography,P668
669,Peterson, Howard and Ochoa,Zaghouan,Decoration,P669
670,Mccoy, Carr and Garcia,Siliana,Venue,P670
671,Brown LLC,Médenine,Venue,P671
672,Dorsey-Conway,Gafsa,DJ,P672
673,Smith PLC,Béja,Venue,P673
674,Cole-Fisher,Gafsa,DJ,P674
675,Olson Group,Ariana,Venue,P675
676,Martinez-Carter,Kef,Catering,P676
677,Swanson Inc,Tunis,DJ,P677
678,Mccormick LLC,Nabeul,DJ,P678
680,Mullins and Sons,Kébili,DJ,P680
681,Dudley and Sons,Médenine,Venue,P681
682,Hogan-Haney,Sousse,Catering,P682
683,Owen-Sanchez,Jendouba,Catering,P683
684,Miles Group,Sousse,DJ,P684
685,Thomas PLC,Ben Arous,Decoration,P685
686,Vasquez PLC,Tunis,DJ,P686
687,Ross-Schneider,Béja,Venue,P687
688,Riddle-Wolfe,Médenine,DJ,P688
689,West, Martinez and Gardner,Mahdia,Decoration,P689
690,Callahan PLC,Nabeul,DJ,P690
691,Barrett, Gillespie and Simon,Médenine,Venue,P691
692,Roman Group,Ariana,DJ,P692
693,Bryant-Palmer,Kébili,Venue,P693
694,Foster-Norris,Zaghouan,DJ,P694
695,Vasquez Group,Béja,Catering,P695
696,Brown-Flowers,Jendouba,Venue,P696
697,Bowman LLC,Kébili,Photography,P697
698,Williams-Freeman,Siliana,Decoration,P698
699,Miller-Chambers,Béja,Catering,P699
700,Bauer-Evans,Bizerte,Venue,P700
701,Clayton, Cruz and Robinson,Siliana,Decoration,P701
702,Carson Inc,Ariana,Venue,P702
703,Garcia PLC,Tunis,Decoration,P703
704,Davis-Shannon,Siliana,Venue,P704
705,Farrell Ltd,Ben Arous,Photography,P705
706,Davis and Sons,Kasserine,Catering,P706
707,Rivera-Kent,Tataouine,Decoration,P707
708,Hicks-Mcfarland,Kasserine,Venue,P708
709,Taylor and Sons,Béja,Decoration,P709
710,Mata-Shaw,Sfax,Decoration,P710
711,Carter-Newton,Sfax,Catering,P711
712,Anderson and Sons,Tunis,Catering,P712
713,Ho, Mullins and Crawford,Siliana,DJ,P713
714,Blevins, Chandler and Scott,Siliana,Venue,P714
715,Smith PLC,Manouba,Photography,P715
716,Bradford PLC,Zaghouan,Photography,P716
717,Gordon-Bates,Sfax,Decoration,P717
718,Martin LLC,Kairouan,Photography,P718
719,Martin, Barron and Elliott,Jendouba,Venue,P719
720,Gonzalez-Rubio,Bizerte,Decoration,P720
721,Luna-Huang,Médenine,Decoration,P721
722,Austin-Cortez,Kébili,Photography,P722
723,Marsh PLC,Zaghouan,Decoration,P723
724,Green, Campos and Davis,Kef,Venue,P724
725,Weeks, Gutierrez and Hughes,Nabeul,Catering,P725
726,Price-Carrillo,Tozeur,DJ,P726
727,Baldwin-Wu,Gafsa,DJ,P727
728,Hernandez-Pace,Kasserine,Catering,P728
729,Campbell, Perkins and Hardin,Nabeul,DJ,P729
730,Weber, Mcdaniel and Meyer,Siliana,Decoration,P730
731,Bailey and Sons,Kef,Photography,P731
732,Mcbride Inc,Manouba,DJ,P732
733,Hutchinson-Larson,Tunis,Decoration,P733
734,Leonard-Kennedy,Tunis,Photography,P734
735,Orr, Martinez and Smith,Jendouba,Venue,P735
736,Brooks, Bernard and Stokes,Tunis,Venue,P736
737,Romero Group,Sfax,Decoration,P737
738,Mcdonald, Clark and May,Monastir,Venue,P738
739,Villegas, Santiago and Garner,Bizerte,Decoration,P739
740,Gonzalez, Mcclain and Roberts,Médenine,Venue,P740
741,Tucker, Reynolds and Wright,Sfax,Photography,P741
742,Yu-Weber,Tozeur,DJ,P742
743,Barber-Hale,Bizerte,Venue,P743
744,Evans, Thomas and Zavala,Kébili,Venue,P744
745,Flores Ltd,Kef,Photography,P745
746,Dunlap, Landry and Rhodes,Kasserine,DJ,P746
747,Castro PLC,Ariana,Catering,P747
749,Burgess Group,Zaghouan,Decoration,P749
750,Green Ltd,Manouba,Venue,P750
751,Lucas LLC,Nabeul,Venue,P751
752,Powell Group,Kasserine,Photography,P752
753,Warren PLC,Nabeul,Photography,P753
754,Santiago, Martin and Pearson,Sfax,Catering,P754
755,Moyer, Shields and Vasquez,Sfax,DJ,P755
756,Christian-Hughes,Kef,Catering,P756
757,Lopez, Johnson and Webb,Kasserine,Decoration,P757
758,Le-Harrison,Tozeur,DJ,P758
759,Anderson Group,Médenine,Venue,P759
760,Meyer PLC,Mahdia,Decoration,P760
761,Chase Group,Sfax,Catering,P761
762,Gonzalez, Woods and Martin,Jendouba,Venue,P762
763,Fox, Mcdaniel and Palmer,Kasserine,Venue,P763
764,Morgan Inc,Tunis,Venue,P764
765,Walton-Bennett,Gafsa,Decoration,P765
766,Ramos, Clark and Sullivan,Tozeur,Catering,P766
767,Baker, Perkins and Costa,Manouba,DJ,P767
769,Sandoval Group,Sfax,Catering,P769
770,Brown, Walsh and Mckay,Zaghouan,Catering,P770
771,Scott, Chambers and Thompson,Kef,DJ,P771
774,Cobb, Adams and Stewart,Gabčs,Catering,P774
775,Martinez, Mayer and Davenport,Gabčs,Photography,P775
776,Taylor Ltd,Tataouine,Decoration,P776
778,Chase, Harris and Dixon,Mahdia,Photography,P778
780,Owen, Watts and Rhodes,Kasserine,Venue,P780
781,Wright, West and Joseph,Monastir,Photography,P781
782,Hill Inc,Kef,Photography,P782
783,Brown, Hernandez and Smith,Médenine,Photography,P783
784,Peters, Lozano and Lyons,Béja,DJ,P784
785,Taylor, Fleming and Brown,Gabčs,Catering,P785
786,Harris-Aguirre,Manouba,Decoration,P786
787,Williams-Castaneda,Jendouba,Photography,P787
788,Flores-Phillips,Tataouine,DJ,P788
789,Smith, Ellison and Patton,Mahdia,Venue,P789
790,Kim PLC,Siliana,Venue,P790
791,Garcia Group,Gafsa,Venue,P791
792,Brown, Riley and Everett,Jendouba,Decoration,P792
793,Andrews LLC,Jendouba,Venue,P793
794,Sanchez-Hernandez,Nabeul,Photography,P794
796,Norman, Daniels and Ramos,Ariana,Catering,P796
797,Williams, Sexton and Owen,Tataouine,DJ,P797
798,House PLC,Kef,Catering,P798
799,Shepherd-Mays,Médenine,Photography,P799
800,Boyd Inc,Manouba,Catering,P800
65,Adams and Sons,Ariana,DJ,P65
73,Craig, Hess and Brown,Jendouba,Venue,P73
159,Watts, Hogan and Black,Ariana,Decoration,P159
213,Ayers-Cherry,Kairouan,Venue,P213
228,Brown, Beltran and Potter,Siliana,Catering,P228
312,Davis and Sons,Bizerte,Catering,P312
313,Johnston, Jackson and Wilson,Mahdia,Venue,P313
334,Stuart, Lopez and Alvarez,Kasserine,Venue,P334
435,Taylor-Knight,Béja,Decoration,P435
462,Herring Inc,Gabčs,Venue,P462
522,Anderson-Beard,Béja,Photography,P522
625,Morales LLC,Tunis,Photography,P625
679,Simpson Ltd,Tataouine,Decoration,P679
748,Bell-Austin,Béja,DJ,P748
777,Byrd, Marks and Wilson,Tozeur,Photography,P777
-1,Unknown,UNKNOWN,Unknown,Unknown
117,Young Group,Sidi Bouzid,Catering,P117
129,Patel-Douglas,Sidi Bouzid,DJ,P129
145,Wagner and Sons,Sidi Bouzid,Photography,P145
190,Reeves PLC,Sidi Bouzid,Decoration,P190
193,Nelson PLC,Sidi Bouzid,Catering,P193
205,Thomas, Harris and Morse,Sidi Bouzid,Photography,P205
237,Phillips-Swanson,Sidi Bouzid,Decoration,P237
259,Price-Rich,Sidi Bouzid,Decoration,P259
286,Brennan LLC,Sidi Bouzid,Decoration,P286
331,Cherry-Hernandez,Sidi Bouzid,Decoration,P331
362,Villanueva, Reynolds and Woodard,Manouba,Photography,P362
395,Orr, Hickman and Cox,Sidi Bouzid,Decoration,P395
402,Lawrence and Sons,Sidi Bouzid,Photography,P402
450,Thompson, Carpenter and Caldwell,Siliana,Venue,P450
479,Williams-Diaz,Sidi Bouzid,DJ,P479
510,Davidson-Cain,Sidi Bouzid,DJ,P510
596,Guzman-Johnson,Sidi Bouzid,DJ,P596
599,Jackson, Gay and Jones,Sidi Bouzid,Venue,P599
628,Graham-Campbell,Sidi Bouzid,Decoration,P628
634,Martinez-Brandt,Sidi Bouzid,DJ,P634
645,Miller and Sons,Sidi Bouzid,Catering,P645
661,Young-Brown,Sidi Bouzid,Venue,P661
768,Adkins, Rivera and Stevens,Sidi Bouzid,Photography,P768
772,Robinson-Gonzalez,Sidi Bouzid,DJ,P772
773,Martin Ltd,Sidi Bouzid,DJ,P773
779,Carson, Arnold and Gomez,Sidi Bouzid,Decoration,P779
795,Cunningham, Lambert and Mclaughlin,Sfax,DJ,P795
