id_complaint,codeComplaint,status,subject,id_beneficiary_FK,id_provider_FK
1,C1,closed,Service Quality,3100,78
2,C2,open,Late Delivery,2192,333
3,C3,open,Late Delivery,4492,481
4,C4,closed,Late Delivery,3946,562
5,C5,open,Product Defect,3588,336
6,C6,open,Product Defect,3383,558
7,C7,open,Billing Issue,-1,441
8,C8,open,Product Defect,1709,490
9,C9,closed,Billing Issue,76,616
10,C10,open,Late Delivery,1581,543
11,C11,open,Billing Issue,4902,652
12,C12,open,Service Quality,3237,414
13,C13,open,Service Quality,1340,17
14,C14,closed,Late Delivery,1776,292
15,C15,closed,Service Quality,4580,385
16,C16,open,Product Defect,1144,609
17,C17,closed,Product Defect,1144,230
18,C18,open,Late Delivery,1847,174
19,C19,closed,Product Defect,4879,576
20,C20,closed,Service Quality,512,372
21,C21,open,Late Delivery,3604,724
22,C22,closed,Billing Issue,4108,349
23,C23,open,Late Delivery,1421,511
24,C24,open,Late Delivery,282,450
25,C25,closed,Late Delivery,2674,739
26,C26,closed,Late Delivery,1384,767
27,C27,closed,Billing Issue,15,116
28,C28,closed,Billing Issue,885,44
29,C29,open,Service Quality,3719,208
30,C30,open,Billing Issue,398,786
31,C31,open,Product Defect,4546,404
32,C32,closed,Billing Issue,996,47
33,C33,closed,Billing Issue,2650,673
34,C34,closed,Product Defect,2463,273
35,C35,open,Late Delivery,520,425
36,C36,open,Billing Issue,3510,761
37,C37,closed,Service Quality,4034,366
38,C38,open,Late Delivery,372,324
39,C39,open,Late Delivery,1431,466
40,C40,open,Service Quality,1661,532
41,C41,closed,Late Delivery,3138,277
42,C42,closed,Product Defect,4778,766
43,C43,closed,Billing Issue,3185,474
44,C44,open,Late Delivery,4131,402
45,C45,open,Late Delivery,4452,25
46,C46,closed,Late Delivery,2,294
47,C47,closed,Late Delivery,406,95
48,C48,open,Late Delivery,2745,52
49,C49,open,Billing Issue,2274,765
50,C50,closed,Product Defect,1621,115
51,C51,open,Product Defect,3031,348
52,C52,open,Product Defect,1488,282
53,C53,closed,Late Delivery,1047,15
54,C54,closed,Billing Issue,2503,331
55,C55,open,Late Delivery,1825,11
56,C56,open,Billing Issue,4471,537
57,C57,closed,Service Quality,3997,398
58,C58,open,Late Delivery,689,645
59,C59,closed,Late Delivery,3148,183
60,C60,open,Service Quality,2632,763
61,C61,open,Billing Issue,1302,704
62,C62,open,Billing Issue,1283,206
63,C63,open,Service Quality,4011,127
64,C64,closed,Billing Issue,777,355
65,C65,open,Billing Issue,4519,502
66,C66,open,Late Delivery,4231,688
67,C67,open,Late Delivery,1978,110
68,C68,open,Service Quality,1814,545
69,C69,closed,Billing Issue,3257,362
70,C70,open,Product Defect,3391,580
71,C71,open,Product Defect,4427,126
72,C72,closed,Late Delivery,4203,768
73,C73,open,Service Quality,342,742
74,C74,closed,Billing Issue,2057,613
75,C75,closed,Service Quality,1323,630
76,C76,closed,Product Defect,578,741
77,C77,open,Service Quality,2920,273
78,C78,closed,Product Defect,4461,775
79,C79,open,Service Quality,3292,483
80,C80,open,Late Delivery,1938,329
81,C81,closed,Product Defect,590,140
82,C82,open,Billing Issue,4868,288
83,C83,closed,Billing Issue,1820,630
84,C84,open,Product Defect,2583,180
85,C85,closed,Service Quality,313,231
86,C86,closed,Service Quality,1682,608
87,C87,open,Service Quality,4547,580
88,C88,closed,Billing Issue,1910,294
89,C89,open,Service Quality,887,179
90,C90,closed,Late Delivery,564,618
91,C91,open,Late Delivery,4319,531
92,C92,open,Late Delivery,1487,667
93,C93,open,Product Defect,3171,68
94,C94,closed,Service Quality,4546,281
95,C95,open,Service Quality,2478,311
96,C96,open,Billing Issue,485,323
97,C97,closed,Product Defect,1125,259
98,C98,open,Service Quality,4344,266
99,C99,open,Late Delivery,3687,65
100,C100,closed,Billing Issue,2972,356
101,C101,closed,Service Quality,2534,625
102,C102,open,Billing Issue,2178,445
103,C103,closed,Late Delivery,3974,325
104,C104,closed,Product Defect,2810,321
105,C105,closed,Product Defect,3533,194
106,C106,closed,Billing Issue,-1,77
107,C107,closed,Late Delivery,2061,470
108,C108,closed,Product Defect,1373,720
109,C109,closed,Late Delivery,3698,229
110,C110,open,Late Delivery,2412,735
111,C111,closed,Product Defect,2978,18
112,C112,open,Service Quality,561,108
113,C113,open,Billing Issue,1089,232
114,C114,open,Billing Issue,4665,603
115,C115,open,Late Delivery,1686,650
116,C116,open,Service Quality,715,368
117,C117,open,Service Quality,1575,188
118,C118,open,Product Defect,4715,657
119,C119,open,Late Delivery,1676,499
120,C120,closed,Product Defect,3244,777
121,C121,open,Product Defect,2517,94
122,C122,open,Billing Issue,3505,80
123,C123,open,Service Quality,3683,301
124,C124,closed,Service Quality,3465,68
125,C125,closed,Product Defect,1862,498
126,C126,open,Service Quality,1213,509
127,C127,closed,Late Delivery,975,310
128,C128,open,Billing Issue,2881,612
129,C129,closed,Late Delivery,436,613
130,C130,closed,Product Defect,2919,764
131,C131,open,Service Quality,1343,614
132,C132,open,Billing Issue,4602,116
133,C133,open,Product Defect,372,114
134,C134,open,Service Quality,4335,774
135,C135,closed,Product Defect,2382,270
136,C136,open,Late Delivery,2381,77
137,C137,closed,Billing Issue,3607,138
138,C138,open,Late Delivery,2775,173
139,C139,open,Late Delivery,179,525
140,C140,open,Service Quality,2286,766
141,C141,open,Service Quality,4462,116
142,C142,open,Product Defect,-1,776
143,C143,open,Service Quality,2722,453
144,C144,closed,Late Delivery,4175,436
145,C145,closed,Late Delivery,270,285
146,C146,closed,Late Delivery,1391,678
147,C147,closed,Service Quality,1789,760
148,C148,open,Late Delivery,2648,347
149,C149,open,Late Delivery,4489,2
150,C150,open,Billing Issue,4600,283
151,C151,closed,Product Defect,-1,315
152,C152,open,Late Delivery,3910,787
153,C153,open,Late Delivery,39,30
154,C154,closed,Service Quality,837,769
155,C155,open,Service Quality,762,276
156,C156,closed,Billing Issue,4706,635
157,C157,closed,Service Quality,4104,528
158,C158,closed,Service Quality,1591,656
159,C159,open,Billing Issue,4705,260
160,C160,open,Late Delivery,3255,160
161,C161,closed,Billing Issue,1781,672
162,C162,open,Product Defect,1964,341
163,C163,open,Service Quality,2220,699
164,C164,open,Product Defect,333,117
165,C165,open,Billing Issue,3918,116
166,C166,open,Billing Issue,-1,621
167,C167,open,Service Quality,1918,701
168,C168,closed,Billing Issue,2301,101
169,C169,closed,Late Delivery,3554,341
170,C170,open,Billing Issue,421,420
171,C171,closed,Late Delivery,3663,407
172,C172,closed,Billing Issue,4080,102
173,C173,closed,Billing Issue,1473,523
174,C174,open,Service Quality,4463,688
175,C175,closed,Billing Issue,3957,99
176,C176,closed,Product Defect,1155,107
177,C177,open,Service Quality,4456,759
178,C178,open,Late Delivery,1077,686
179,C179,closed,Late Delivery,828,671
180,C180,open,Service Quality,3342,287
181,C181,closed,Service Quality,217,16
182,C182,open,Billing Issue,1065,422
183,C183,closed,Service Quality,-1,21
184,C184,closed,Billing Issue,1475,493
185,C185,open,Late Delivery,4052,97
186,C186,open,Billing Issue,3055,173
187,C187,closed,Service Quality,3951,596
188,C188,open,Late Delivery,933,638
189,C189,open,Product Defect,1579,509
190,C190,closed,Product Defect,2220,10
191,C191,closed,Billing Issue,1229,96
192,C192,closed,Billing Issue,4698,390
193,C193,open,Late Delivery,2591,137
194,C194,closed,Billing Issue,809,577
195,C195,closed,Late Delivery,-1,507
196,C196,open,Service Quality,2863,539
197,C197,open,Billing Issue,981,475
198,C198,open,Product Defect,4203,391
199,C199,open,Billing Issue,1657,40
200,C200,closed,Late Delivery,1840,468
201,C201,open,Late Delivery,391,605
202,C202,open,Product Defect,2173,496
203,C203,closed,Service Quality,3603,562
204,C204,open,Late Delivery,4055,679
205,C205,closed,Late Delivery,1787,305
206,C206,closed,Product Defect,1975,676
207,C207,closed,Service Quality,373,37
208,C208,open,Service Quality,2375,432
209,C209,open,Product Defect,156,481
210,C210,open,Service Quality,3800,294
211,C211,closed,Product Defect,3784,578
212,C212,open,Late Delivery,343,8
213,C213,closed,Billing Issue,4438,321
214,C214,closed,Late Delivery,2115,17
215,C215,closed,Service Quality,3681,2
216,C216,open,Product Defect,2946,497
217,C217,open,Late Delivery,1799,459
218,C218,open,Late Delivery,202,474
219,C219,closed,Billing Issue,3371,179
220,C220,closed,Late Delivery,3055,752
221,C221,open,Late Delivery,340,303
222,C222,open,Late Delivery,237,381
223,C223,closed,Product Defect,1601,788
224,C224,closed,Late Delivery,4052,428
225,C225,closed,Service Quality,2404,600
226,C226,closed,Service Quality,4044,688
227,C227,open,Service Quality,2987,211
228,C228,open,Late Delivery,4125,730
229,C229,closed,Billing Issue,4066,262
230,C230,open,Service Quality,1445,307
231,C231,closed,Service Quality,3380,472
232,C232,open,Billing Issue,1084,676
233,C233,open,Service Quality,29,137
234,C234,closed,Product Defect,1293,701
235,C235,open,Late Delivery,3836,464
236,C236,closed,Product Defect,190,522
237,C237,closed,Service Quality,32,139
238,C238,open,Service Quality,783,62
239,C239,closed,Product Defect,4795,629
240,C240,open,Service Quality,2381,131
241,C241,open,Billing Issue,3821,696
242,C242,closed,Service Quality,3204,100
243,C243,open,Billing Issue,4673,326
244,C244,closed,Service Quality,332,694
245,C245,open,Service Quality,3832,727
246,C246,open,Product Defect,4383,583
247,C247,closed,Service Quality,1443,250
248,C248,closed,Service Quality,1639,498
249,C249,open,Service Quality,3076,708
250,C250,closed,Late Delivery,2615,753
251,C251,open,Product Defect,3001,117
252,C252,open,Billing Issue,3826,246
253,C253,open,Late Delivery,892,187
254,C254,closed,Billing Issue,1013,220
255,C255,open,Product Defect,213,752
256,C256,closed,Service Quality,271,27
257,C257,open,Service Quality,635,58
258,C258,closed,Billing Issue,1382,764
259,C259,closed,Billing Issue,4929,260
260,C260,closed,Late Delivery,3888,214
261,C261,closed,Service Quality,4926,758
262,C262,open,Service Quality,3101,175
263,C263,closed,Product Defect,3818,626
264,C264,closed,Service Quality,1029,454
265,C265,closed,Service Quality,1735,491
266,C266,open,Service Quality,2489,184
267,C267,open,Service Quality,1625,656
268,C268,closed,Late Delivery,-1,689
269,C269,closed,Billing Issue,4428,619
270,C270,open,Late Delivery,2184,537
271,C271,open,Product Defect,4654,775
272,C272,open,Service Quality,1899,168
273,C273,open,Billing Issue,4061,509
274,C274,open,Billing Issue,3461,542
275,C275,closed,Late Delivery,584,793
276,C276,open,Late Delivery,2578,608
277,C277,closed,Product Defect,3637,792
278,C278,closed,Service Quality,3039,134
279,C279,closed,Billing Issue,2106,593
280,C280,open,Product Defect,139,427
281,C281,open,Late Delivery,668,164
282,C282,closed,Billing Issue,3151,568
283,C283,open,Late Delivery,335,713
284,C284,open,Service Quality,805,172
285,C285,closed,Product Defect,1170,740
286,C286,open,Product Defect,2847,322
287,C287,closed,Late Delivery,3689,477
288,C288,closed,Service Quality,3263,51
289,C289,closed,Billing Issue,4133,424
290,C290,closed,Billing Issue,3787,540
291,C291,closed,Billing Issue,172,654
292,C292,closed,Billing Issue,4687,218
293,C293,closed,Product Defect,3849,68
294,C294,closed,Billing Issue,378,50
295,C295,open,Late Delivery,2048,60
296,C296,open,Late Delivery,2151,313
297,C297,open,Product Defect,4477,550
298,C298,closed,Late Delivery,3777,519
299,C299,open,Service Quality,2252,21
300,C300,open,Service Quality,-1,10
301,C301,open,Billing Issue,4128,7
302,C302,closed,Late Delivery,3216,154
303,C303,open,Billing Issue,3179,371
304,C304,open,Late Delivery,2094,652
305,C305,closed,Product Defect,1063,100
306,C306,closed,Late Delivery,854,459
307,C307,closed,Late Delivery,2668,555
308,C308,open,Product Defect,2224,535
309,C309,open,Product Defect,3198,243
310,C310,closed,Product Defect,2740,495
311,C311,closed,Service Quality,2520,84
312,C312,closed,Billing Issue,4267,94
313,C313,closed,Product Defect,2889,597
314,C314,closed,Billing Issue,3094,13
315,C315,open,Product Defect,2879,22
316,C316,open,Billing Issue,602,238
317,C317,closed,Billing Issue,994,84
318,C318,closed,Late Delivery,1146,796
319,C319,closed,Billing Issue,1320,759
320,C320,open,Service Quality,4828,315
321,C321,open,Product Defect,2565,373
322,C322,closed,Late Delivery,1012,256
323,C323,open,Service Quality,4876,155
324,C324,open,Product Defect,1521,247
325,C325,open,Service Quality,370,619
326,C326,open,Service Quality,4361,523
327,C327,open,Service Quality,3344,263
328,C328,open,Late Delivery,2463,440
329,C329,closed,Late Delivery,2137,624
330,C330,open,Late Delivery,3793,182
331,C331,closed,Late Delivery,3699,688
332,C332,open,Billing Issue,1498,750
333,C333,open,Late Delivery,4,515
334,C334,open,Late Delivery,173,178
335,C335,closed,Product Defect,1,146
336,C336,closed,Service Quality,753,465
337,C337,closed,Late Delivery,3751,15
338,C338,closed,Product Defect,711,139
339,C339,closed,Product Defect,577,630
340,C340,closed,Billing Issue,3006,152
341,C341,closed,Service Quality,1298,46
342,C342,open,Billing Issue,770,762
343,C343,open,Service Quality,1980,190
344,C344,open,Billing Issue,335,589
345,C345,open,Service Quality,357,277
346,C346,open,Service Quality,1031,512
347,C347,closed,Billing Issue,1030,50
348,C348,open,Product Defect,755,715
349,C349,closed,Late Delivery,4072,400
350,C350,open,Billing Issue,785,668
351,C351,closed,Billing Issue,1646,144
352,C352,closed,Product Defect,111,51
353,C353,closed,Product Defect,3125,542
354,C354,open,Service Quality,2539,267
355,C355,open,Product Defect,4324,5
356,C356,closed,Service Quality,2793,486
357,C357,closed,Service Quality,1228,204
358,C358,closed,Product Defect,3258,155
359,C359,open,Product Defect,-1,706
360,C360,open,Service Quality,4796,386
361,C361,closed,Late Delivery,532,356
362,C362,open,Late Delivery,3031,635
363,C363,closed,Service Quality,3209,106
364,C364,open,Product Defect,1114,162
365,C365,closed,Service Quality,2369,119
366,C366,open,Billing Issue,4101,143
367,C367,open,Billing Issue,4947,109
368,C368,open,Billing Issue,137,605
369,C369,open,Late Delivery,1820,183
370,C370,open,Billing Issue,1105,320
371,C371,open,Late Delivery,112,459
372,C372,closed,Service Quality,4971,716
373,C373,open,Billing Issue,4685,603
374,C374,closed,Late Delivery,2887,328
375,C375,open,Billing Issue,4671,227
376,C376,closed,Product Defect,4835,672
377,C377,closed,Late Delivery,768,391
378,C378,closed,Billing Issue,4326,778
379,C379,closed,Service Quality,1678,328
380,C380,open,Late Delivery,1631,671
381,C381,closed,Product Defect,1796,120
382,C382,open,Late Delivery,2798,180
383,C383,open,Product Defect,4717,438
384,C384,open,Late Delivery,3273,346
385,C385,open,Late Delivery,659,686
386,C386,open,Service Quality,2341,166
387,C387,open,Late Delivery,323,776
388,C388,open,Late Delivery,3689,773
389,C389,open,Late Delivery,587,423
390,C390,open,Service Quality,379,550
391,C391,open,Late Delivery,1874,311
392,C392,closed,Late Delivery,2436,754
393,C393,open,Product Defect,2908,76
394,C394,open,Service Quality,1310,800
395,C395,open,Late Delivery,638,397
396,C396,closed,Billing Issue,1818,110
397,C397,closed,Billing Issue,4875,659
398,C398,open,Service Quality,1156,43
399,C399,open,Late Delivery,4286,440
400,C400,closed,Service Quality,3836,490
401,C401,closed,Product Defect,80,249
402,C402,open,Late Delivery,3167,566
403,C403,open,Late Delivery,917,18
404,C404,closed,Product Defect,4371,622
405,C405,open,Product Defect,4861,196
406,C406,closed,Service Quality,-1,206
407,C407,closed,Late Delivery,669,133
408,C408,open,Product Defect,4064,664
409,C409,open,Late Delivery,3357,746
410,C410,open,Service Quality,4265,10
411,C411,open,Late Delivery,4460,775
412,C412,closed,Service Quality,2102,799
413,C413,open,Product Defect,2938,259
414,C414,open,Billing Issue,2102,426
415,C415,open,Billing Issue,3537,72
416,C416,open,Late Delivery,1599,702
417,C417,open,Billing Issue,1623,491
418,C418,open,Service Quality,453,266
419,C419,open,Service Quality,4787,429
420,C420,closed,Service Quality,2005,402
421,C421,closed,Service Quality,856,568
422,C422,open,Late Delivery,1646,667
423,C423,open,Billing Issue,2826,726
424,C424,closed,Billing Issue,1983,305
425,C425,open,Late Delivery,-1,715
426,C426,open,Service Quality,4549,314
427,C427,closed,Service Quality,1190,447
428,C428,closed,Product Defect,227,683
429,C429,closed,Billing Issue,3135,564
430,C430,closed,Billing Issue,3501,309
431,C431,open,Product Defect,4250,707
432,C432,open,Product Defect,2949,157
433,C433,open,Service Quality,3437,779
434,C434,closed,Billing Issue,2888,190
435,C435,open,Late Delivery,4479,411
436,C436,closed,Billing Issue,4163,64
437,C437,open,Billing Issue,4432,122
438,C438,open,Late Delivery,622,398
439,C439,closed,Product Defect,1215,331
440,C440,closed,Late Delivery,374,797
441,C441,open,Late Delivery,3497,99
442,C442,closed,Service Quality,4113,57
443,C443,open,Product Defect,2302,620
444,C444,open,Late Delivery,2575,555
445,C445,open,Product Defect,475,190
446,C446,open,Service Quality,3759,262
447,C447,closed,Late Delivery,4213,33
448,C448,open,Late Delivery,1530,619
449,C449,closed,Product Defect,1899,306
450,C450,closed,Product Defect,3172,756
451,C451,open,Product Defect,68,443
452,C452,closed,Product Defect,1843,129
453,C453,closed,Billing Issue,2001,386
454,C454,closed,Billing Issue,1755,15
455,C455,open,Service Quality,4642,69
456,C456,closed,Service Quality,4585,547
457,C457,closed,Product Defect,24,708
458,C458,closed,Service Quality,4453,432
459,C459,open,Late Delivery,4323,409
460,C460,closed,Late Delivery,4735,548
461,C461,open,Product Defect,3894,773
462,C462,closed,Billing Issue,3546,709
463,C463,open,Service Quality,1645,776
464,C464,closed,Late Delivery,2989,112
465,C465,open,Late Delivery,952,707
466,C466,closed,Service Quality,3705,623
467,C467,open,Billing Issue,2238,160
468,C468,closed,Service Quality,3593,116
469,C469,closed,Late Delivery,747,784
470,C470,open,Late Delivery,2153,269
471,C471,open,Billing Issue,1266,23
472,C472,open,Product Defect,632,243
473,C473,closed,Billing Issue,-1,671
474,C474,closed,Late Delivery,4254,24
475,C475,closed,Billing Issue,2206,96
476,C476,closed,Late Delivery,2294,743
477,C477,closed,Late Delivery,729,348
478,C478,open,Late Delivery,281,541
479,C479,open,Billing Issue,3172,288
480,C480,closed,Late Delivery,917,256
481,C481,open,Service Quality,4803,788
482,C482,open,Service Quality,3403,325
483,C483,open,Late Delivery,4725,652
484,C484,open,Service Quality,4994,376
485,C485,open,Product Defect,4980,288
486,C486,closed,Product Defect,4646,304
487,C487,open,Billing Issue,2084,100
488,C488,open,Billing Issue,4143,713
489,C489,open,Billing Issue,4874,518
490,C490,closed,Service Quality,4098,436
491,C491,closed,Product Defect,2692,713
492,C492,closed,Product Defect,-1,231
493,C493,closed,Late Delivery,891,201
494,C494,open,Service Quality,3433,677
495,C495,open,Late Delivery,-1,36
496,C496,open,Billing Issue,2865,9
497,C497,closed,Service Quality,602,627
498,C498,closed,Late Delivery,2508,349
499,C499,open,Service Quality,26,192
500,C500,open,Billing Issue,1089,350
501,C501,open,Service Quality,2178,700
502,C502,closed,Late Delivery,1599,490
503,C503,closed,Late Delivery,1619,195
504,C504,closed,Service Quality,2165,298
505,C505,open,Billing Issue,3301,292
506,C506,closed,Late Delivery,2566,450
507,C507,open,Late Delivery,1696,142
508,C508,closed,Billing Issue,1191,104
509,C509,open,Product Defect,1789,438
510,C510,closed,Late Delivery,3259,490
511,C511,open,Service Quality,1274,164
512,C512,open,Billing Issue,4475,759
513,C513,open,Product Defect,1472,717
514,C514,open,Late Delivery,150,714
515,C515,closed,Product Defect,2213,743
516,C516,closed,Service Quality,619,404
517,C517,closed,Service Quality,2553,702
518,C518,open,Billing Issue,2449,106
519,C519,open,Product Defect,445,15
520,C520,open,Late Delivery,4462,95
521,C521,closed,Billing Issue,4879,309
522,C522,closed,Product Defect,2185,760
523,C523,open,Service Quality,3458,720
524,C524,open,Late Delivery,3050,89
525,C525,closed,Service Quality,4521,524
526,C526,closed,Product Defect,1647,760
527,C527,open,Billing Issue,2463,765
528,C528,open,Service Quality,3675,261
529,C529,closed,Product Defect,2369,675
530,C530,open,Service Quality,2609,64
531,C531,open,Product Defect,929,187
532,C532,closed,Service Quality,3896,370
533,C533,open,Late Delivery,-1,448
534,C534,open,Product Defect,3380,500
535,C535,closed,Product Defect,2349,299
536,C536,open,Late Delivery,1458,506
537,C537,closed,Late Delivery,11,102
538,C538,open,Late Delivery,2339,795
539,C539,open,Billing Issue,4405,105
540,C540,open,Billing Issue,1184,594
541,C541,closed,Product Defect,1817,4
542,C542,closed,Billing Issue,2128,377
543,C543,open,Product Defect,2649,336
544,C544,open,Billing Issue,2292,370
545,C545,closed,Service Quality,194,461
546,C546,open,Billing Issue,630,565
547,C547,closed,Late Delivery,1548,634
548,C548,open,Service Quality,757,32
549,C549,closed,Product Defect,3754,296
550,C550,open,Billing Issue,3242,423
551,C551,open,Billing Issue,2558,754
552,C552,closed,Service Quality,702,521
553,C553,open,Service Quality,587,724
554,C554,open,Billing Issue,4872,52
555,C555,closed,Late Delivery,1980,661
556,C556,closed,Billing Issue,4912,653
557,C557,open,Late Delivery,3279,568
558,C558,open,Billing Issue,4993,641
559,C559,open,Late Delivery,3394,410
560,C560,open,Late Delivery,2913,272
561,C561,closed,Product Defect,1072,180
562,C562,closed,Service Quality,3507,338
563,C563,open,Billing Issue,898,665
564,C564,closed,Service Quality,4894,372
565,C565,open,Service Quality,1036,15
566,C566,closed,Service Quality,4613,436
567,C567,closed,Product Defect,1889,174
568,C568,open,Service Quality,3506,120
569,C569,closed,Late Delivery,176,612
570,C570,closed,Late Delivery,3811,632
571,C571,open,Product Defect,306,105
572,C572,open,Late Delivery,4817,236
573,C573,closed,Product Defect,88,139
574,C574,closed,Late Delivery,4742,572
575,C575,open,Product Defect,470,6
576,C576,closed,Late Delivery,3392,59
577,C577,closed,Billing Issue,1026,182
578,C578,open,Product Defect,468,104
579,C579,closed,Billing Issue,677,693
580,C580,closed,Service Quality,1392,675
581,C581,closed,Service Quality,4306,674
582,C582,open,Product Defect,2042,377
583,C583,closed,Product Defect,1456,514
584,C584,open,Service Quality,692,304
585,C585,open,Late Delivery,3164,303
586,C586,open,Product Defect,1586,205
587,C587,closed,Billing Issue,397,595
588,C588,open,Product Defect,4733,582
589,C589,closed,Late Delivery,1646,363
590,C590,closed,Service Quality,1057,326
591,C591,open,Billing Issue,4366,220
592,C592,open,Product Defect,4833,327
593,C593,closed,Service Quality,2432,642
594,C594,closed,Billing Issue,1988,652
595,C595,open,Product Defect,2993,174
596,C596,open,Product Defect,3107,624
597,C597,closed,Billing Issue,2873,691
598,C598,closed,Product Defect,907,408
599,C599,closed,Service Quality,3027,631
600,C600,closed,Billing Issue,1319,571
601,C601,open,Billing Issue,1077,51
602,C602,open,Late Delivery,1477,730
603,C603,open,Product Defect,3240,469
604,C604,closed,Service Quality,4502,40
605,C605,open,Service Quality,-1,367
606,C606,open,Service Quality,2904,545
607,C607,open,Service Quality,1479,639
608,C608,open,Service Quality,3988,77
609,C609,closed,Billing Issue,3115,342
610,C610,open,Billing Issue,2910,247
611,C611,closed,Billing Issue,230,704
612,C612,open,Late Delivery,725,570
613,C613,open,Service Quality,4517,133
614,C614,closed,Service Quality,3514,183
615,C615,closed,Service Quality,2296,279
616,C616,open,Product Defect,306,666
617,C617,closed,Product Defect,2738,62
618,C618,open,Late Delivery,1061,415
619,C619,closed,Service Quality,910,631
620,C620,closed,Service Quality,1312,158
621,C621,open,Late Delivery,1699,329
622,C622,open,Billing Issue,2630,163
623,C623,open,Late Delivery,1532,771
624,C624,closed,Service Quality,1683,545
625,C625,closed,Service Quality,3062,581
626,C626,closed,Service Quality,-1,353
627,C627,open,Service Quality,275,139
628,C628,open,Service Quality,2409,500
629,C629,open,Product Defect,2957,579
630,C630,open,Billing Issue,1713,445
631,C631,open,Late Delivery,3944,780
632,C632,closed,Billing Issue,2924,51
633,C633,open,Billing Issue,4447,484
634,C634,closed,Late Delivery,1791,759
635,C635,closed,Product Defect,1236,488
636,C636,open,Service Quality,2469,421
637,C637,closed,Service Quality,1539,493
638,C638,closed,Product Defect,2906,643
639,C639,open,Service Quality,1207,234
640,C640,closed,Service Quality,365,506
641,C641,open,Late Delivery,2578,689
642,C642,closed,Billing Issue,53,157
643,C643,closed,Product Defect,2616,461
644,C644,open,Service Quality,1539,690
645,C645,open,Product Defect,3645,71
646,C646,open,Service Quality,3912,756
647,C647,closed,Service Quality,4788,574
648,C648,closed,Product Defect,213,735
649,C649,closed,Late Delivery,4438,418
650,C650,open,Late Delivery,4430,286
651,C651,closed,Late Delivery,4951,593
652,C652,open,Late Delivery,1747,265
653,C653,closed,Service Quality,4333,700
654,C654,open,Billing Issue,3905,541
655,C655,closed,Late Delivery,680,359
656,C656,open,Service Quality,2012,241
657,C657,open,Service Quality,324,619
658,C658,open,Product Defect,2218,525
659,C659,open,Service Quality,3288,771
660,C660,open,Billing Issue,477,639
661,C661,closed,Billing Issue,3158,703
662,C662,open,Billing Issue,195,16
663,C663,closed,Late Delivery,605,191
664,C664,open,Product Defect,1033,164
665,C665,closed,Service Quality,4748,145
666,C666,closed,Billing Issue,810,355
667,C667,open,Product Defect,3757,757
668,C668,open,Late Delivery,1874,385
669,C669,open,Service Quality,140,752
670,C670,closed,Product Defect,1366,299
671,C671,open,Service Quality,-1,266
672,C672,closed,Service Quality,1833,111
673,C673,open,Service Quality,200,661
674,C674,closed,Product Defect,3650,132
675,C675,closed,Late Delivery,1333,396
676,C676,closed,Product Defect,3212,482
677,C677,closed,Late Delivery,494,710
678,C678,closed,Product Defect,2536,772
679,C679,open,Late Delivery,3107,345
680,C680,open,Late Delivery,-1,679
681,C681,closed,Service Quality,4852,297
682,C682,open,Product Defect,957,730
683,C683,open,Billing Issue,2716,238
684,C684,closed,Late Delivery,3177,653
685,C685,closed,Billing Issue,-1,314
686,C686,open,Service Quality,-1,406
687,C687,open,Product Defect,-1,444
688,C688,closed,Service Quality,4007,115
689,C689,closed,Late Delivery,2747,63
690,C690,closed,Late Delivery,3101,309
691,C691,open,Late Delivery,4691,716
692,C692,open,Billing Issue,709,3
693,C693,open,Product Defect,3527,789
694,C694,closed,Late Delivery,547,25
695,C695,open,Service Quality,4490,549
696,C696,closed,Billing Issue,4760,412
697,C697,closed,Service Quality,3811,610
698,C698,open,Service Quality,4846,663
699,C699,closed,Service Quality,1102,317
700,C700,open,Late Delivery,2807,255
701,C701,closed,Product Defect,758,727
702,C702,closed,Service Quality,4292,650
703,C703,open,Billing Issue,4786,147
704,C704,closed,Product Defect,170,104
705,C705,closed,Service Quality,3900,405
706,C706,open,Service Quality,144,357
707,C707,closed,Product Defect,182,14
708,C708,closed,Late Delivery,585,619
709,C709,open,Product Defect,1990,468
710,C710,open,Product Defect,3440,661
711,C711,open,Product Defect,440,791
712,C712,open,Product Defect,2709,348
713,C713,closed,Billing Issue,2981,531
714,C714,closed,Product Defect,2410,362
715,C715,open,Billing Issue,-1,177
716,C716,closed,Product Defect,4142,597
717,C717,closed,Late Delivery,2029,527
718,C718,closed,Service Quality,896,639
719,C719,closed,Product Defect,4629,222
720,C720,open,Product Defect,937,743
721,C721,closed,Product Defect,2883,758
722,C722,open,Product Defect,2673,657
723,C723,closed,Late Delivery,708,298
724,C724,closed,Late Delivery,3036,245
725,C725,closed,Billing Issue,450,550
726,C726,open,Product Defect,3488,441
727,C727,open,Product Defect,3278,784
728,C728,closed,Billing Issue,1682,145
729,C729,open,Product Defect,3453,303
730,C730,open,Service Quality,1307,479
731,C731,closed,Billing Issue,1974,223
732,C732,closed,Product Defect,2024,454
733,C733,closed,Billing Issue,1699,285
734,C734,open,Product Defect,3142,325
735,C735,closed,Late Delivery,2276,732
736,C736,closed,Billing Issue,4076,673
737,C737,closed,Billing Issue,853,145
738,C738,open,Late Delivery,831,83
739,C739,closed,Late Delivery,201,541
740,C740,closed,Billing Issue,4680,361
741,C741,closed,Service Quality,1113,375
742,C742,closed,Product Defect,2025,255
743,C743,closed,Product Defect,554,716
744,C744,open,Billing Issue,4557,459
745,C745,open,Billing Issue,928,489
746,C746,open,Billing Issue,2553,98
747,C747,closed,Late Delivery,460,791
748,C748,closed,Late Delivery,1610,797
749,C749,closed,Service Quality,1886,309
750,C750,open,Late Delivery,581,231
751,C751,closed,Late Delivery,1532,251
752,C752,open,Service Quality,4955,288
753,C753,closed,Billing Issue,1622,688
754,C754,open,Late Delivery,1194,401
755,C755,closed,Late Delivery,1342,344
756,C756,closed,Service Quality,1509,553
757,C757,open,Billing Issue,4671,609
758,C758,closed,Service Quality,1985,598
759,C759,closed,Product Defect,4991,70
760,C760,open,Service Quality,3928,648
761,C761,closed,Service Quality,1329,443
762,C762,closed,Service Quality,933,245
763,C763,open,Product Defect,2174,562
764,C764,closed,Product Defect,-1,441
765,C765,closed,Product Defect,120,678
766,C766,open,Late Delivery,3973,511
767,C767,closed,Service Quality,356,357
768,C768,closed,Product Defect,411,782
769,C769,closed,Late Delivery,-1,532
770,C770,open,Late Delivery,1461,137
771,C771,closed,Late Delivery,3928,436
772,C772,open,Service Quality,4043,451
773,C773,closed,Service Quality,1917,559
774,C774,open,Billing Issue,793,418
775,C775,closed,Service Quality,21,398
776,C776,open,Product Defect,798,499
777,C777,open,Service Quality,4626,401
778,C778,closed,Late Delivery,4875,42
779,C779,closed,Service Quality,3016,379
780,C780,open,Service Quality,317,175
781,C781,open,Billing Issue,4181,354
782,C782,open,Billing Issue,1142,463
783,C783,open,Product Defect,4516,98
784,C784,open,Service Quality,474,736
785,C785,open,Billing Issue,2986,210
786,C786,closed,Product Defect,4405,96
787,C787,open,Service Quality,2354,124
788,C788,closed,Product Defect,3926,693
789,C789,open,Service Quality,3626,605
790,C790,closed,Service Quality,1346,781
791,C791,closed,Billing Issue,1240,668
792,C792,closed,Billing Issue,3438,482
793,C793,closed,Late Delivery,2211,130
794,C794,open,Late Delivery,1690,750
795,C795,open,Product Defect,4154,281
796,C796,open,Service Quality,1086,169
797,C797,closed,Product Defect,3816,465
798,C798,closed,Service Quality,2649,646
799,C799,open,Service Quality,1675,355
800,C800,closed,Late Delivery,2750,668
801,C801,closed,Service Quality,4203,67
802,C802,open,Service Quality,3324,693
803,C803,closed,Late Delivery,1919,69
804,C804,closed,Billing Issue,29,465
805,C805,open,Service Quality,1313,715
806,C806,closed,Product Defect,1363,539
807,C807,closed,Service Quality,47,189
808,C808,closed,Service Quality,1139,791
809,C809,open,Late Delivery,4018,138
810,C810,closed,Service Quality,3234,731
811,C811,open,Late Delivery,911,598
812,C812,closed,Service Quality,4883,49
813,C813,closed,Service Quality,2933,608
814,C814,closed,Late Delivery,2369,317
815,C815,open,Product Defect,888,293
816,C816,closed,Late Delivery,3723,89
817,C817,closed,Billing Issue,-1,742
818,C818,open,Billing Issue,1245,595
819,C819,open,Product Defect,517,147
820,C820,closed,Product Defect,556,720
821,C821,open,Billing Issue,2995,217
822,C822,closed,Late Delivery,4021,688
823,C823,open,Late Delivery,1982,271
824,C824,closed,Billing Issue,2443,299
825,C825,closed,Billing Issue,-1,510
826,C826,closed,Billing Issue,132,243
827,C827,open,Billing Issue,3661,195
828,C828,open,Late Delivery,1156,764
829,C829,closed,Product Defect,2434,567
830,C830,open,Service Quality,3516,781
831,C831,open,Product Defect,765,10
832,C832,open,Billing Issue,4181,668
833,C833,open,Late Delivery,3143,184
834,C834,open,Product Defect,1886,29
835,C835,closed,Product Defect,176,74
836,C836,open,Billing Issue,379,594
837,C837,closed,Billing Issue,3872,303
838,C838,open,Product Defect,878,230
839,C839,closed,Late Delivery,2783,688
840,C840,closed,Service Quality,1924,563
841,C841,open,Late Delivery,419,470
842,C842,closed,Late Delivery,599,550
843,C843,closed,Product Defect,1756,139
844,C844,closed,Late Delivery,1403,296
845,C845,closed,Service Quality,1228,658
846,C846,closed,Service Quality,411,640
847,C847,closed,Service Quality,2316,791
848,C848,closed,Billing Issue,2920,331
849,C849,open,Product Defect,4562,673
850,C850,closed,Service Quality,3471,675
851,C851,closed,Product Defect,3352,94
852,C852,closed,Service Quality,3199,409
853,C853,open,Late Delivery,4338,440
854,C854,closed,Billing Issue,407,520
855,C855,closed,Product Defect,2555,73
856,C856,closed,Product Defect,4034,707
857,C857,open,Billing Issue,561,746
858,C858,closed,Product Defect,3941,548
859,C859,closed,Product Defect,3839,364
860,C860,open,Service Quality,2715,92
861,C861,open,Product Defect,3665,407
862,C862,open,Product Defect,2262,707
863,C863,open,Service Quality,3435,790
864,C864,closed,Service Quality,2082,627
865,C865,open,Billing Issue,1355,256
866,C866,closed,Late Delivery,4201,771
867,C867,open,Service Quality,3240,324
868,C868,open,Product Defect,-1,533
869,C869,closed,Product Defect,4107,2
870,C870,closed,Service Quality,1349,556
871,C871,closed,Service Quality,4545,681
872,C872,open,Product Defect,2077,79
873,C873,closed,Service Quality,4178,127
874,C874,open,Late Delivery,270,124
875,C875,open,Product Defect,2253,693
876,C876,open,Product Defect,3392,428
877,C877,closed,Billing Issue,977,631
878,C878,open,Billing Issue,4047,57
879,C879,closed,Late Delivery,581,358
880,C880,open,Service Quality,3367,546
881,C881,open,Billing Issue,809,37
882,C882,closed,Service Quality,-1,752
883,C883,closed,Service Quality,3177,702
884,C884,open,Late Delivery,2076,394
885,C885,open,Billing Issue,4346,546
886,C886,closed,Billing Issue,2094,328
887,C887,closed,Billing Issue,2320,189
888,C888,closed,Service Quality,1448,125
889,C889,closed,Late Delivery,3588,597
890,C890,closed,Product Defect,1949,540
891,C891,open,Billing Issue,984,293
892,C892,closed,Late Delivery,2433,136
893,C893,open,Billing Issue,4915,479
894,C894,closed,Product Defect,698,777
895,C895,open,Product Defect,4389,680
896,C896,open,Late Delivery,1275,158
897,C897,closed,Late Delivery,4371,748
898,C898,closed,Service Quality,2531,236
899,C899,open,Service Quality,4835,754
900,C900,closed,Product Defect,2756,200
901,C901,open,Service Quality,1035,641
902,C902,open,Late Delivery,2904,370
903,C903,closed,Billing Issue,1251,576
904,C904,open,Late Delivery,1440,112
905,C905,closed,Late Delivery,1386,722
906,C906,open,Late Delivery,305,57
907,C907,closed,Late Delivery,320,375
908,C908,open,Service Quality,2048,112
909,C909,open,Service Quality,-1,283
910,C910,open,Late Delivery,750,192
911,C911,closed,Product Defect,1252,256
912,C912,open,Billing Issue,1622,655
913,C913,open,Billing Issue,3946,190
914,C914,open,Product Defect,1834,324
915,C915,closed,Late Delivery,2589,537
916,C916,closed,Billing Issue,-1,78
917,C917,open,Product Defect,1242,611
918,C918,closed,Service Quality,3355,774
919,C919,open,Billing Issue,1648,111
920,C920,open,Late Delivery,1363,57
921,C921,open,Billing Issue,2240,653
922,C922,closed,Billing Issue,4232,396
923,C923,closed,Service Quality,580,586
924,C924,closed,Billing Issue,282,776
925,C925,closed,Service Quality,999,252
926,C926,open,Service Quality,-1,146
927,C927,closed,Service Quality,179,304
928,C928,open,Billing Issue,4194,426
929,C929,closed,Product Defect,3551,740
930,C930,open,Billing Issue,4555,42
931,C931,closed,Service Quality,3315,106
932,C932,closed,Billing Issue,600,316
933,C933,open,Late Delivery,2255,199
934,C934,open,Service Quality,1156,93
935,C935,open,Service Quality,2096,774
936,C936,closed,Service Quality,602,726
937,C937,open,Product Defect,1083,722
938,C938,open,Late Delivery,3331,139
939,C939,closed,Billing Issue,4021,376
940,C940,open,Service Quality,4504,625
941,C941,closed,Service Quality,1122,515
942,C942,open,Billing Issue,3814,637
943,C943,closed,Service Quality,4810,245
944,C944,closed,Product Defect,1839,610
945,C945,open,Service Quality,4288,141
946,C946,open,Service Quality,65,196
947,C947,open,Service Quality,1968,172
948,C948,open,Billing Issue,4172,403
949,C949,closed,Service Quality,3718,568
950,C950,closed,Late Delivery,1,569
951,C951,open,Product Defect,2330,67
952,C952,closed,Late Delivery,3569,158
953,C953,open,Product Defect,4316,52
954,C954,open,Billing Issue,4816,494
955,C955,open,Product Defect,3980,291
956,C956,closed,Service Quality,3791,417
957,C957,closed,Service Quality,692,456
958,C958,closed,Product Defect,204,468
959,C959,closed,Service Quality,2823,155
960,C960,closed,Product Defect,4842,643
961,C961,open,Billing Issue,1006,354
962,C962,closed,Product Defect,1660,324
963,C963,open,Billing Issue,2426,533
964,C964,closed,Late Delivery,1126,14
965,C965,open,Billing Issue,3409,95
966,C966,closed,Service Quality,2753,433
967,C967,closed,Service Quality,4736,52
968,C968,closed,Late Delivery,4113,184
969,C969,open,Late Delivery,2461,336
970,C970,open,Late Delivery,2588,1
971,C971,closed,Service Quality,4053,51
972,C972,closed,Billing Issue,4882,188
973,C973,open,Product Defect,2964,485
974,C974,closed,Billing Issue,1313,108
975,C975,open,Service Quality,4354,603
976,C976,closed,Late Delivery,2248,334
977,C977,closed,Service Quality,1403,70
978,C978,open,Billing Issue,775,318
979,C979,open,Late Delivery,154,626
980,C980,closed,Late Delivery,2096,64
981,C981,open,Service Quality,4856,108
982,C982,open,Service Quality,281,610
983,C983,closed,Billing Issue,3075,135
984,C984,open,Billing Issue,-1,777
985,C985,open,Billing Issue,3974,99
986,C986,open,Service Quality,1427,703
987,C987,open,Service Quality,2009,32
988,C988,open,Late Delivery,1184,429
989,C989,closed,Billing Issue,3461,782
990,C990,closed,Service Quality,1625,669
991,C991,closed,Product Defect,2567,316
992,C992,closed,Product Defect,-1,258
993,C993,closed,Late Delivery,1366,690
994,C994,closed,Billing Issue,3036,621
995,C995,open,Service Quality,1379,214
996,C996,open,Billing Issue,1852,345
997,C997,closed,Product Defect,4040,617
998,C998,open,Service Quality,1648,28
999,C999,closed,Late Delivery,1033,211
1000,C1000,open,Billing Issue,2220,583
1001,C1001,open,Billing Issue,4025,349
1002,C1002,closed,Billing Issue,1943,208
1003,C1003,open,Service Quality,1370,590
1004,C1004,closed,Late Delivery,3576,144
1005,C1005,open,Service Quality,1189,776
1006,C1006,open,Billing Issue,-1,81
1007,C1007,closed,Billing Issue,343,326
1008,C1008,closed,Late Delivery,2389,74
1009,C1009,closed,Service Quality,4846,187
1010,C1010,closed,Service Quality,1394,413
1011,C1011,open,Late Delivery,1948,514
1012,C1012,closed,Billing Issue,1988,691
1013,C1013,closed,Late Delivery,635,563
1014,C1014,open,Product Defect,4992,428
1015,C1015,open,Billing Issue,988,30
1016,C1016,open,Late Delivery,4734,455
1017,C1017,closed,Billing Issue,2906,731
1018,C1018,open,Service Quality,3327,567
1019,C1019,closed,Service Quality,3338,765
1020,C1020,open,Service Quality,2025,593
1021,C1021,open,Late Delivery,1834,510
1022,C1022,open,Late Delivery,231,739
1023,C1023,open,Late Delivery,4512,648
1024,C1024,closed,Product Defect,26,177
1025,C1025,open,Late Delivery,2386,141
1026,C1026,open,Service Quality,1346,648
1027,C1027,closed,Service Quality,2834,541
1028,C1028,open,Billing Issue,4315,389
1029,C1029,closed,Billing Issue,4838,57
1030,C1030,closed,Billing Issue,1058,685
1031,C1031,open,Product Defect,4907,136
1032,C1032,closed,Billing Issue,4259,575
1033,C1033,closed,Late Delivery,3951,128
1034,C1034,open,Product Defect,4734,239
1035,C1035,open,Billing Issue,2444,420
1036,C1036,closed,Product Defect,3408,198
1037,C1037,open,Product Defect,4338,724
1038,C1038,open,Service Quality,1201,342
1039,C1039,closed,Billing Issue,4789,479
1040,C1040,open,Late Delivery,3515,309
1041,C1041,closed,Product Defect,2268,461
1042,C1042,open,Billing Issue,2088,786
1043,C1043,closed,Service Quality,-1,703
1044,C1044,open,Late Delivery,155,206
1045,C1045,closed,Billing Issue,2657,14
1046,C1046,closed,Product Defect,1965,576
1047,C1047,closed,Billing Issue,3587,301
1048,C1048,closed,Billing Issue,4289,192
1049,C1049,open,Product Defect,-1,284
1050,C1050,open,Late Delivery,1594,477
1051,C1051,open,Billing Issue,4381,759
1052,C1052,open,Late Delivery,3755,231
1053,C1053,open,Product Defect,1296,680
1054,C1054,open,Billing Issue,2107,673
1055,C1055,open,Service Quality,3303,377
1056,C1056,closed,Product Defect,1922,141
1057,C1057,open,Late Delivery,-1,538
1058,C1058,open,Product Defect,3791,346
1059,C1059,closed,Late Delivery,4893,135
1060,C1060,closed,Late Delivery,1394,394
1061,C1061,closed,Service Quality,50,568
1062,C1062,open,Billing Issue,3401,374
1063,C1063,open,Late Delivery,3211,163
1064,C1064,open,Billing Issue,1454,653
1065,C1065,open,Billing Issue,3059,95
1066,C1066,open,Late Delivery,2842,241
1067,C1067,closed,Service Quality,987,774
1068,C1068,closed,Service Quality,4510,294
1069,C1069,closed,Late Delivery,3750,252
1070,C1070,closed,Late Delivery,2750,460
1071,C1071,closed,Late Delivery,183,93
1072,C1072,open,Late Delivery,3371,472
1073,C1073,closed,Billing Issue,2817,629
1074,C1074,closed,Billing Issue,89,448
1075,C1075,closed,Late Delivery,1030,516
1076,C1076,open,Product Defect,48,107
1077,C1077,open,Product Defect,291,203
1078,C1078,closed,Late Delivery,4178,459
1079,C1079,closed,Billing Issue,1426,743
1080,C1080,open,Product Defect,2008,674
1081,C1081,open,Product Defect,4994,672
1082,C1082,closed,Late Delivery,4532,79
1083,C1083,closed,Product Defect,1425,54
1084,C1084,closed,Late Delivery,2320,514
1085,C1085,open,Billing Issue,4395,508
1086,C1086,open,Service Quality,2678,775
1087,C1087,open,Late Delivery,1219,422
1088,C1088,closed,Late Delivery,4374,272
1089,C1089,open,Product Defect,4020,695
1090,C1090,closed,Late Delivery,766,337
1091,C1091,closed,Late Delivery,2733,157
1092,C1092,open,Billing Issue,3773,103
1093,C1093,open,Billing Issue,1562,519
1094,C1094,open,Late Delivery,2395,560
1095,C1095,open,Billing Issue,3153,496
1096,C1096,closed,Service Quality,2875,180
1097,C1097,open,Service Quality,3016,244
1098,C1098,closed,Service Quality,2022,647
1099,C1099,open,Late Delivery,4894,32
1100,C1100,open,Billing Issue,485,253
1101,C1101,open,Billing Issue,1423,745
1102,C1102,closed,Product Defect,4497,435
1103,C1103,open,Billing Issue,4380,355
1104,C1104,open,Service Quality,2516,685
1105,C1105,closed,Product Defect,4158,62
1106,C1106,open,Late Delivery,3752,781
1107,C1107,open,Service Quality,601,213
1108,C1108,closed,Service Quality,1786,780
1109,C1109,closed,Service Quality,-1,342
1110,C1110,closed,Late Delivery,1953,17
1111,C1111,open,Product Defect,3804,493
1112,C1112,open,Service Quality,350,86
1113,C1113,closed,Late Delivery,671,53
1114,C1114,closed,Late Delivery,2179,355
1115,C1115,closed,Product Defect,4943,631
1116,C1116,open,Product Defect,4647,557
1117,C1117,open,Product Defect,1640,126
1118,C1118,closed,Billing Issue,2669,756
1119,C1119,open,Service Quality,2650,578
1120,C1120,open,Billing Issue,4285,242
1121,C1121,open,Late Delivery,1940,481
1122,C1122,closed,Billing Issue,892,528
1123,C1123,open,Service Quality,2286,72
1124,C1124,closed,Billing Issue,80,134
1125,C1125,closed,Billing Issue,3995,222
1126,C1126,closed,Product Defect,2739,83
1127,C1127,open,Billing Issue,4151,76
1128,C1128,open,Service Quality,1523,508
1129,C1129,closed,Late Delivery,340,535
1130,C1130,closed,Service Quality,3425,253
1131,C1131,open,Late Delivery,2386,19
1132,C1132,open,Product Defect,-1,281
1133,C1133,closed,Billing Issue,337,83
1134,C1134,open,Billing Issue,4403,717
1135,C1135,closed,Service Quality,4981,778
1136,C1136,open,Product Defect,1682,255
1137,C1137,open,Service Quality,2730,734
1138,C1138,open,Billing Issue,1038,50
1139,C1139,closed,Product Defect,3620,727
1140,C1140,closed,Late Delivery,4892,735
1141,C1141,open,Billing Issue,2006,500
1142,C1142,closed,Product Defect,524,425
1143,C1143,open,Billing Issue,149,198
1144,C1144,closed,Billing Issue,3823,367
1145,C1145,open,Service Quality,960,773
1146,C1146,open,Service Quality,1002,468
1147,C1147,open,Billing Issue,1427,537
1148,C1148,closed,Late Delivery,2840,565
1149,C1149,open,Late Delivery,1034,514
1150,C1150,closed,Product Defect,4493,592
1151,C1151,open,Product Defect,2335,509
1152,C1152,open,Product Defect,3811,141
1153,C1153,closed,Billing Issue,3351,710
1154,C1154,open,Late Delivery,3104,482
1155,C1155,closed,Service Quality,2018,544
1156,C1156,open,Service Quality,3181,424
1157,C1157,closed,Service Quality,3475,303
1158,C1158,closed,Billing Issue,4375,375
1159,C1159,open,Late Delivery,616,59
1160,C1160,open,Billing Issue,1058,668
1161,C1161,closed,Product Defect,3176,73
1162,C1162,open,Service Quality,4371,70
1163,C1163,open,Late Delivery,4428,498
1164,C1164,closed,Product Defect,4446,356
1165,C1165,open,Billing Issue,461,621
1166,C1166,closed,Product Defect,156,630
1167,C1167,open,Service Quality,4126,469
1168,C1168,closed,Billing Issue,2565,686
1169,C1169,closed,Billing Issue,47,609
1170,C1170,open,Product Defect,2344,660
1171,C1171,closed,Late Delivery,4881,301
1172,C1172,closed,Service Quality,708,584
1173,C1173,closed,Service Quality,-1,665
1174,C1174,open,Product Defect,4793,410
1175,C1175,closed,Service Quality,3256,557
1176,C1176,closed,Product Defect,1793,752
1177,C1177,open,Late Delivery,745,614
1178,C1178,open,Billing Issue,4759,510
1179,C1179,closed,Product Defect,3590,481
1180,C1180,open,Service Quality,3526,629
1181,C1181,open,Billing Issue,2687,698
1182,C1182,closed,Product Defect,1448,337
1183,C1183,open,Product Defect,325,770
1184,C1184,closed,Product Defect,4343,681
1185,C1185,open,Late Delivery,2870,678
1186,C1186,closed,Late Delivery,1235,155
1187,C1187,open,Product Defect,3592,232
1188,C1188,open,Late Delivery,3914,634
1189,C1189,closed,Product Defect,294,239
1190,C1190,closed,Product Defect,2460,349
1191,C1191,closed,Service Quality,3620,444
1192,C1192,open,Product Defect,899,190
1193,C1193,open,Billing Issue,628,551
1194,C1194,open,Product Defect,650,596
1195,C1195,open,Late Delivery,934,119
1196,C1196,open,Late Delivery,3134,560
1197,C1197,open,Late Delivery,1160,206
1198,C1198,closed,Product Defect,2561,117
1199,C1199,closed,Product Defect,3328,148
1200,C1200,closed,Billing Issue,3604,197
1201,C1201,closed,Billing Issue,4713,286
1202,C1202,closed,Billing Issue,2208,712
1203,C1203,closed,Late Delivery,2631,525
1204,C1204,open,Product Defect,-1,663
1205,C1205,closed,Billing Issue,1410,635
1206,C1206,closed,Late Delivery,4895,411
1207,C1207,open,Service Quality,4028,364
1208,C1208,open,Billing Issue,657,280
1209,C1209,open,Product Defect,227,587
1210,C1210,closed,Service Quality,1292,556
1211,C1211,closed,Late Delivery,1788,109
1212,C1212,closed,Service Quality,782,785
1213,C1213,closed,Billing Issue,2282,786
1214,C1214,closed,Billing Issue,3959,284
1215,C1215,open,Billing Issue,4917,166
1216,C1216,closed,Late Delivery,3498,134
1217,C1217,closed,Late Delivery,1078,754
1218,C1218,open,Billing Issue,4896,693
1219,C1219,closed,Service Quality,1480,482
1220,C1220,open,Billing Issue,4291,603
1221,C1221,open,Billing Issue,3933,466
1222,C1222,closed,Product Defect,945,441
1223,C1223,closed,Product Defect,3892,682
1224,C1224,closed,Late Delivery,596,487
1225,C1225,open,Product Defect,1625,731
1226,C1226,open,Product Defect,1191,787
1227,C1227,open,Service Quality,890,353
1228,C1228,closed,Product Defect,1553,791
1229,C1229,open,Service Quality,1428,638
1230,C1230,open,Product Defect,4210,253
1231,C1231,open,Late Delivery,1095,269
1232,C1232,open,Billing Issue,86,250
1233,C1233,closed,Late Delivery,-1,495
1234,C1234,open,Billing Issue,3907,362
1235,C1235,open,Service Quality,95,407
1236,C1236,closed,Billing Issue,1040,675
1237,C1237,closed,Product Defect,2110,792
1238,C1238,closed,Late Delivery,3129,517
1239,C1239,closed,Late Delivery,1440,359
1240,C1240,closed,Service Quality,2044,431
1241,C1241,open,Late Delivery,4953,390
1242,C1242,open,Product Defect,1954,714
1243,C1243,closed,Product Defect,1640,701
1244,C1244,open,Service Quality,1762,260
1245,C1245,open,Billing Issue,960,43
1246,C1246,closed,Service Quality,633,729
1247,C1247,open,Billing Issue,3880,108
1248,C1248,open,Billing Issue,1411,482
1249,C1249,closed,Late Delivery,3950,338
1250,C1250,closed,Product Defect,3446,480
1251,C1251,open,Billing Issue,72,63
1252,C1252,closed,Late Delivery,2116,28
1253,C1253,closed,Product Defect,4961,626
1254,C1254,open,Late Delivery,1540,591
1255,C1255,open,Late Delivery,3725,726
1256,C1256,open,Late Delivery,537,442
1257,C1257,open,Billing Issue,4815,229
1258,C1258,closed,Late Delivery,1579,700
1259,C1259,open,Product Defect,4012,512
1260,C1260,open,Service Quality,2819,378
1261,C1261,closed,Service Quality,1247,175
1262,C1262,open,Late Delivery,2503,727
1263,C1263,open,Service Quality,893,273
1264,C1264,open,Service Quality,4172,175
1265,C1265,open,Billing Issue,4263,720
1266,C1266,open,Billing Issue,2981,498
1267,C1267,closed,Late Delivery,3015,564
1268,C1268,closed,Late Delivery,2220,671
1269,C1269,open,Late Delivery,4416,758
1270,C1270,open,Service Quality,1232,338
1271,C1271,closed,Billing Issue,4005,500
1272,C1272,closed,Billing Issue,3846,501
1273,C1273,open,Billing Issue,1516,767
1274,C1274,closed,Service Quality,1740,234
1275,C1275,open,Service Quality,919,311
1276,C1276,open,Late Delivery,2443,239
1277,C1277,open,Service Quality,3427,491
1278,C1278,closed,Billing Issue,4144,797
1279,C1279,closed,Late Delivery,1504,702
1280,C1280,closed,Service Quality,-1,443
1281,C1281,closed,Late Delivery,3314,703
1282,C1282,closed,Late Delivery,4970,453
1283,C1283,open,Product Defect,4834,296
1284,C1284,open,Service Quality,4679,294
1285,C1285,open,Product Defect,4346,249
1286,C1286,closed,Product Defect,1035,408
1287,C1287,closed,Billing Issue,4604,562
1288,C1288,open,Billing Issue,3218,767
1289,C1289,open,Billing Issue,3178,768
1290,C1290,closed,Service Quality,1785,160
1291,C1291,open,Product Defect,-1,82
1292,C1292,open,Service Quality,336,114
1293,C1293,open,Billing Issue,2783,65
1294,C1294,closed,Late Delivery,3826,32
1295,C1295,open,Service Quality,799,701
1296,C1296,open,Product Defect,514,763
1297,C1297,closed,Late Delivery,814,753
1298,C1298,closed,Service Quality,1479,59
1299,C1299,open,Late Delivery,2025,164
1300,C1300,closed,Service Quality,3163,80
1301,C1301,open,Service Quality,2034,730
1302,C1302,closed,Product Defect,966,289
1303,C1303,closed,Billing Issue,154,195
1304,C1304,closed,Late Delivery,3955,292
1305,C1305,open,Billing Issue,2491,749
1306,C1306,closed,Billing Issue,1888,137
1307,C1307,closed,Product Defect,3358,142
1308,C1308,open,Service Quality,4602,293
1309,C1309,open,Product Defect,1284,633
1310,C1310,open,Billing Issue,1398,613
1311,C1311,open,Product Defect,3992,390
1312,C1312,closed,Billing Issue,2239,464
1313,C1313,closed,Billing Issue,1498,454
1314,C1314,closed,Product Defect,1657,544
1315,C1315,open,Billing Issue,3195,324
1316,C1316,open,Late Delivery,2570,559
1317,C1317,closed,Service Quality,3488,174
1318,C1318,open,Service Quality,1551,381
1319,C1319,open,Billing Issue,2702,406
1320,C1320,open,Product Defect,695,14
1321,C1321,closed,Late Delivery,80,460
1322,C1322,open,Product Defect,2241,714
1323,C1323,open,Billing Issue,439,452
1324,C1324,open,Late Delivery,1611,310
1325,C1325,open,Billing Issue,4171,421
1326,C1326,closed,Service Quality,747,365
1327,C1327,open,Service Quality,1434,379
1328,C1328,open,Product Defect,1737,643
1329,C1329,open,Product Defect,4661,101
1330,C1330,open,Billing Issue,1241,98
1331,C1331,open,Service Quality,4587,656
1332,C1332,closed,Billing Issue,4330,62
1333,C1333,open,Product Defect,4457,50
1334,C1334,closed,Late Delivery,571,762
1335,C1335,closed,Billing Issue,2277,164
1336,C1336,closed,Billing Issue,4327,268
1337,C1337,open,Service Quality,2165,317
1338,C1338,open,Billing Issue,3776,456
1339,C1339,closed,Product Defect,2007,768
1340,C1340,open,Late Delivery,2091,205
1341,C1341,closed,Service Quality,4768,684
1342,C1342,open,Billing Issue,2112,133
1343,C1343,open,Late Delivery,3108,328
1344,C1344,open,Product Defect,3782,383
1345,C1345,open,Billing Issue,3292,58
1346,C1346,open,Late Delivery,1558,466
1347,C1347,open,Product Defect,4965,680
1348,C1348,closed,Product Defect,3603,645
1349,C1349,closed,Late Delivery,3530,25
1350,C1350,open,Late Delivery,3928,619
1351,C1351,closed,Billing Issue,2822,664
1352,C1352,closed,Product Defect,344,102
1353,C1353,open,Service Quality,706,781
1354,C1354,closed,Product Defect,2787,648
1355,C1355,closed,Late Delivery,103,245
1356,C1356,closed,Billing Issue,3204,30
1357,C1357,closed,Billing Issue,3636,597
1358,C1358,open,Late Delivery,3070,472
1359,C1359,open,Service Quality,4559,105
1360,C1360,closed,Late Delivery,4483,267
1361,C1361,open,Billing Issue,3856,172
1362,C1362,open,Billing Issue,1351,654
1363,C1363,closed,Product Defect,2485,594
1364,C1364,closed,Billing Issue,2370,250
1365,C1365,open,Product Defect,1815,43
1366,C1366,closed,Billing Issue,3506,669
1367,C1367,closed,Billing Issue,2599,454
1368,C1368,closed,Billing Issue,3631,30
1369,C1369,closed,Service Quality,2256,624
1370,C1370,closed,Late Delivery,538,615
1371,C1371,open,Product Defect,3849,593
1372,C1372,open,Late Delivery,4218,763
1373,C1373,open,Billing Issue,3490,444
1374,C1374,closed,Billing Issue,3280,756
1375,C1375,closed,Billing Issue,2056,288
1376,C1376,closed,Billing Issue,1941,527
1377,C1377,closed,Product Defect,958,364
1378,C1378,open,Product Defect,4035,70
1379,C1379,open,Service Quality,2123,646
1380,C1380,closed,Product Defect,1661,88
1381,C1381,open,Product Defect,3670,496
1382,C1382,open,Product Defect,2887,228
1383,C1383,closed,Service Quality,3064,431
1384,C1384,open,Late Delivery,1867,35
1385,C1385,open,Service Quality,770,338
1386,C1386,closed,Service Quality,2782,419
1387,C1387,closed,Product Defect,3238,743
1388,C1388,open,Billing Issue,329,513
1389,C1389,open,Product Defect,3577,763
1390,C1390,closed,Service Quality,3290,522
1391,C1391,closed,Billing Issue,2950,351
1392,C1392,closed,Service Quality,4642,109
1393,C1393,closed,Product Defect,4230,241
1394,C1394,closed,Product Defect,2414,755
1395,C1395,closed,Late Delivery,285,412
1396,C1396,closed,Billing Issue,1121,533
1397,C1397,closed,Billing Issue,3036,682
1398,C1398,open,Billing Issue,1698,650
1399,C1399,closed,Service Quality,2472,426
1400,C1400,closed,Product Defect,2577,757
1401,C1401,open,Product Defect,3102,638
1402,C1402,open,Service Quality,4072,415
1403,C1403,open,Billing Issue,4369,768
1404,C1404,open,Service Quality,3714,151
1405,C1405,closed,Billing Issue,1900,151
1406,C1406,closed,Product Defect,750,424
1407,C1407,closed,Billing Issue,1046,252
1408,C1408,closed,Late Delivery,143,13
1409,C1409,open,Late Delivery,1334,662
1410,C1410,closed,Service Quality,618,221
1411,C1411,closed,Service Quality,4948,73
1412,C1412,closed,Product Defect,3938,479
1413,C1413,open,Service Quality,-1,640
1414,C1414,closed,Billing Issue,209,719
1415,C1415,closed,Product Defect,837,18
1416,C1416,open,Product Defect,2800,375
1417,C1417,open,Billing Issue,4883,724
1418,C1418,closed,Billing Issue,3449,439
1419,C1419,closed,Service Quality,2448,286
1420,C1420,open,Late Delivery,4199,99
1421,C1421,open,Late Delivery,4384,40
1422,C1422,closed,Product Defect,39,100
1423,C1423,closed,Billing Issue,2886,728
1424,C1424,open,Late Delivery,4156,103
1425,C1425,open,Service Quality,3353,585
1426,C1426,open,Billing Issue,3882,238
1427,C1427,closed,Billing Issue,2420,565
1428,C1428,open,Service Quality,2126,417
1429,C1429,open,Billing Issue,599,425
1430,C1430,closed,Service Quality,2996,469
1431,C1431,open,Product Defect,3875,760
1432,C1432,closed,Service Quality,1953,427
1433,C1433,open,Product Defect,2612,476
1434,C1434,closed,Product Defect,4568,790
1435,C1435,open,Billing Issue,3977,613
1436,C1436,closed,Product Defect,3983,334
1437,C1437,open,Service Quality,569,790
1438,C1438,closed,Service Quality,3900,518
1439,C1439,closed,Service Quality,4268,136
1440,C1440,open,Service Quality,2979,214
1441,C1441,closed,Late Delivery,4763,497
1442,C1442,closed,Product Defect,2260,529
1443,C1443,closed,Service Quality,4797,263
1444,C1444,open,Product Defect,3472,351
1445,C1445,open,Product Defect,4019,742
1446,C1446,closed,Late Delivery,1167,695
1447,C1447,closed,Late Delivery,837,573
1448,C1448,closed,Service Quality,2296,797
1449,C1449,open,Late Delivery,287,724
1450,C1450,closed,Billing Issue,3621,535
1451,C1451,closed,Service Quality,1007,522
1452,C1452,closed,Late Delivery,317,70
1453,C1453,closed,Service Quality,2438,697
1454,C1454,open,Billing Issue,3610,160
1455,C1455,closed,Late Delivery,2335,281
1456,C1456,open,Service Quality,2775,67
1457,C1457,open,Billing Issue,1841,254
1458,C1458,open,Late Delivery,1064,218
1459,C1459,open,Product Defect,3340,75
1460,C1460,open,Service Quality,2202,131
1461,C1461,open,Late Delivery,3114,584
1462,C1462,closed,Late Delivery,3257,641
1463,C1463,open,Product Defect,2148,374
1464,C1464,closed,Product Defect,3549,388
1465,C1465,closed,Service Quality,1546,682
1466,C1466,open,Late Delivery,1802,683
1467,C1467,closed,Late Delivery,125,248
1468,C1468,open,Billing Issue,3570,680
1469,C1469,open,Billing Issue,1876,339
1470,C1470,open,Late Delivery,2637,675
1471,C1471,closed,Late Delivery,1858,539
1472,C1472,open,Late Delivery,4746,526
1473,C1473,open,Product Defect,2105,253
1474,C1474,closed,Product Defect,3650,158
1475,C1475,open,Late Delivery,1850,564
1476,C1476,closed,Late Delivery,4868,108
1477,C1477,closed,Product Defect,2517,309
1478,C1478,open,Service Quality,3469,502
1479,C1479,closed,Product Defect,4796,385
1480,C1480,closed,Service Quality,2262,588
1481,C1481,open,Product Defect,393,612
1482,C1482,open,Billing Issue,-1,303
1483,C1483,open,Billing Issue,1590,311
1484,C1484,closed,Billing Issue,2593,244
1485,C1485,closed,Service Quality,-1,29
1486,C1486,open,Product Defect,1020,627
1487,C1487,open,Late Delivery,2774,262
1488,C1488,open,Service Quality,1988,226
1489,C1489,open,Service Quality,3460,411
1490,C1490,closed,Billing Issue,460,774
1491,C1491,open,Product Defect,4007,667
1492,C1492,closed,Product Defect,586,443
1493,C1493,open,Billing Issue,592,507
1494,C1494,closed,Service Quality,3165,494
1495,C1495,open,Product Defect,2312,494
1496,C1496,closed,Billing Issue,3350,257
1497,C1497,open,Service Quality,1248,660
1498,C1498,open,Billing Issue,4601,477
1499,C1499,open,Late Delivery,1850,540
1500,C1500,open,Late Delivery,3861,782
1501,C1501,open,Late Delivery,3963,463
1502,C1502,open,Product Defect,4452,638
1503,C1503,closed,Billing Issue,2417,787
1504,C1504,closed,Billing Issue,4370,800
1505,C1505,closed,Billing Issue,144,7
1506,C1506,closed,Product Defect,-1,263
1507,C1507,closed,Product Defect,3874,233
1508,C1508,open,Late Delivery,4890,195
1509,C1509,closed,Product Defect,1464,702
1510,C1510,open,Service Quality,2795,421
1511,C1511,closed,Late Delivery,1047,682
1512,C1512,closed,Service Quality,4324,36
1513,C1513,open,Late Delivery,1305,715
1514,C1514,closed,Service Quality,2273,194
1515,C1515,open,Billing Issue,3672,766
1516,C1516,open,Billing Issue,2558,50
1517,C1517,closed,Product Defect,1524,566
1518,C1518,closed,Late Delivery,4659,724
1519,C1519,closed,Service Quality,931,794
1520,C1520,closed,Service Quality,291,75
1521,C1521,closed,Billing Issue,1245,680
1522,C1522,open,Product Defect,3791,677
1523,C1523,closed,Product Defect,4886,742
1524,C1524,open,Late Delivery,1191,107
1525,C1525,closed,Product Defect,3413,266
1526,C1526,open,Product Defect,305,18
1527,C1527,open,Billing Issue,4102,228
1528,C1528,closed,Late Delivery,3470,419
1529,C1529,closed,Product Defect,2949,59
1530,C1530,open,Product Defect,1993,189
1531,C1531,open,Service Quality,681,585
1532,C1532,open,Billing Issue,4466,455
1533,C1533,open,Billing Issue,3823,113
1534,C1534,open,Late Delivery,4085,122
1535,C1535,closed,Late Delivery,4773,123
1536,C1536,open,Late Delivery,4083,315
1537,C1537,closed,Service Quality,2776,385
1538,C1538,open,Product Defect,2172,103
1539,C1539,open,Service Quality,2693,324
1540,C1540,closed,Billing Issue,4816,440
1541,C1541,closed,Product Defect,2917,134
1542,C1542,open,Product Defect,2157,188
1543,C1543,open,Billing Issue,2055,628
1544,C1544,closed,Billing Issue,-1,700
1545,C1545,closed,Late Delivery,3878,499
1546,C1546,closed,Late Delivery,2309,344
1547,C1547,open,Late Delivery,4545,120
1548,C1548,open,Product Defect,3635,141
1549,C1549,open,Billing Issue,3325,284
1550,C1550,open,Billing Issue,4534,718
1551,C1551,closed,Service Quality,4297,523
1552,C1552,open,Service Quality,2593,745
1553,C1553,open,Service Quality,1914,565
1554,C1554,closed,Late Delivery,1368,566
1555,C1555,closed,Product Defect,3990,691
1556,C1556,open,Product Defect,2376,142
1557,C1557,closed,Product Defect,3051,286
1558,C1558,open,Late Delivery,3035,745
1559,C1559,open,Service Quality,4586,309
1560,C1560,closed,Late Delivery,4859,112
1561,C1561,closed,Billing Issue,3816,508
1562,C1562,closed,Late Delivery,81,518
1563,C1563,open,Service Quality,4970,114
1564,C1564,open,Late Delivery,4139,328
1565,C1565,closed,Service Quality,3696,436
1566,C1566,open,Product Defect,901,401
1567,C1567,open,Late Delivery,4349,792
1568,C1568,open,Late Delivery,2051,660
1569,C1569,open,Product Defect,1149,758
1570,C1570,open,Service Quality,124,144
1571,C1571,closed,Product Defect,706,76
1572,C1572,closed,Late Delivery,2791,290
1573,C1573,closed,Billing Issue,420,581
1574,C1574,closed,Service Quality,1721,450
1575,C1575,closed,Service Quality,4397,312
1576,C1576,open,Billing Issue,2045,493
1577,C1577,open,Late Delivery,3609,150
1578,C1578,open,Late Delivery,3451,288
1579,C1579,closed,Late Delivery,3219,203
1580,C1580,closed,Late Delivery,1650,199
1581,C1581,closed,Late Delivery,-1,545
1582,C1582,open,Late Delivery,4744,497
1583,C1583,closed,Billing Issue,3053,406
1584,C1584,closed,Late Delivery,4177,302
1585,C1585,closed,Product Defect,964,427
1586,C1586,closed,Service Quality,1618,374
1587,C1587,open,Service Quality,4046,268
1588,C1588,closed,Service Quality,4111,555
1589,C1589,open,Product Defect,1361,280
1590,C1590,open,Product Defect,1424,734
1591,C1591,open,Billing Issue,4431,296
1592,C1592,open,Product Defect,3442,307
1593,C1593,open,Billing Issue,4072,600
1594,C1594,closed,Billing Issue,3641,306
1595,C1595,closed,Billing Issue,-1,420
1596,C1596,closed,Service Quality,1170,623
1597,C1597,open,Late Delivery,3495,645
1598,C1598,closed,Late Delivery,71,658
1599,C1599,open,Service Quality,1366,435
1600,C1600,open,Billing Issue,2644,259
1601,C1601,open,Service Quality,379,537
1602,C1602,open,Late Delivery,257,345
1603,C1603,open,Service Quality,4600,325
1604,C1604,open,Late Delivery,2798,723
1605,C1605,closed,Late Delivery,4898,431
1606,C1606,open,Service Quality,10,280
1607,C1607,closed,Service Quality,3814,415
1608,C1608,closed,Late Delivery,744,341
1609,C1609,open,Service Quality,-1,21
1610,C1610,open,Service Quality,2833,734
1611,C1611,open,Late Delivery,1582,453
1612,C1612,closed,Product Defect,2121,177
1613,C1613,open,Billing Issue,1779,102
1614,C1614,open,Billing Issue,4837,65
1615,C1615,closed,Service Quality,3428,248
1616,C1616,closed,Billing Issue,4145,479
1617,C1617,closed,Product Defect,1369,301
1618,C1618,open,Late Delivery,1468,701
1619,C1619,closed,Billing Issue,2237,309
1620,C1620,open,Service Quality,4788,443
1621,C1621,closed,Product Defect,2229,259
1622,C1622,open,Service Quality,3428,511
1623,C1623,open,Product Defect,2383,312
1624,C1624,closed,Billing Issue,4622,225
1625,C1625,closed,Service Quality,1394,84
1626,C1626,closed,Late Delivery,1378,233
1627,C1627,open,Late Delivery,3442,369
1628,C1628,open,Product Defect,-1,543
1629,C1629,open,Billing Issue,4211,633
1630,C1630,closed,Product Defect,4923,600
1631,C1631,open,Product Defect,1609,306
1632,C1632,closed,Service Quality,4422,315
1633,C1633,open,Late Delivery,3184,456
1634,C1634,open,Billing Issue,4051,543
1635,C1635,open,Product Defect,1982,388
1636,C1636,closed,Product Defect,2808,99
1637,C1637,open,Product Defect,4000,485
1638,C1638,closed,Product Defect,671,312
1639,C1639,closed,Late Delivery,445,116
1640,C1640,closed,Service Quality,4841,712
1641,C1641,closed,Billing Issue,53,351
1642,C1642,open,Billing Issue,1550,255
1643,C1643,open,Product Defect,4040,753
1644,C1644,closed,Late Delivery,-1,773
1645,C1645,closed,Billing Issue,1265,437
1646,C1646,open,Service Quality,4201,72
1647,C1647,open,Service Quality,1315,322
1648,C1648,open,Service Quality,1201,677
1649,C1649,closed,Service Quality,2524,595
1650,C1650,open,Late Delivery,2076,696
1651,C1651,closed,Service Quality,3055,381
1652,C1652,closed,Service Quality,3342,171
1653,C1653,closed,Service Quality,2144,247
1654,C1654,open,Product Defect,3601,508
1655,C1655,open,Billing Issue,2036,420
1656,C1656,closed,Billing Issue,853,800
1657,C1657,open,Product Defect,2715,26
1658,C1658,open,Product Defect,2354,35
1659,C1659,closed,Product Defect,1056,165
1660,C1660,closed,Late Delivery,4080,145
1661,C1661,open,Billing Issue,-1,440
1662,C1662,closed,Product Defect,2777,606
1663,C1663,closed,Service Quality,3299,569
1664,C1664,open,Service Quality,2269,652
1665,C1665,closed,Late Delivery,1453,482
1666,C1666,closed,Product Defect,3341,483
1667,C1667,closed,Billing Issue,2430,233
1668,C1668,open,Late Delivery,2209,533
1669,C1669,open,Billing Issue,132,778
1670,C1670,closed,Late Delivery,2725,70
1671,C1671,open,Service Quality,1009,18
1672,C1672,closed,Product Defect,993,550
1673,C1673,open,Late Delivery,2140,231
1674,C1674,open,Late Delivery,1032,164
1675,C1675,closed,Product Defect,1775,180
1676,C1676,closed,Late Delivery,596,748
1677,C1677,open,Billing Issue,497,643
1678,C1678,closed,Billing Issue,3640,328
1679,C1679,open,Product Defect,2776,704
1680,C1680,open,Service Quality,2046,52
1681,C1681,closed,Billing Issue,210,8
1682,C1682,open,Late Delivery,4510,85
1683,C1683,closed,Service Quality,2580,426
1684,C1684,open,Product Defect,1822,202
1685,C1685,open,Service Quality,3930,459
1686,C1686,open,Product Defect,66,408
1687,C1687,closed,Service Quality,3330,102
1688,C1688,open,Service Quality,1086,377
1689,C1689,open,Product Defect,394,670
1690,C1690,open,Billing Issue,3820,683
1691,C1691,closed,Late Delivery,1363,140
1692,C1692,closed,Product Defect,4236,139
1693,C1693,closed,Billing Issue,3777,658
1694,C1694,open,Product Defect,1276,523
1695,C1695,closed,Service Quality,531,160
1696,C1696,closed,Late Delivery,2683,727
1697,C1697,closed,Service Quality,457,752
1698,C1698,closed,Product Defect,3128,396
1699,C1699,closed,Billing Issue,4691,196
1700,C1700,open,Billing Issue,4945,740
1701,C1701,open,Service Quality,2373,63
1702,C1702,closed,Service Quality,354,359
1703,C1703,open,Product Defect,3458,523
1704,C1704,open,Billing Issue,2484,552
1705,C1705,open,Late Delivery,2791,274
1706,C1706,closed,Billing Issue,2348,202
1707,C1707,open,Billing Issue,3983,686
1708,C1708,closed,Product Defect,2092,7
1709,C1709,closed,Billing Issue,4581,471
1710,C1710,open,Service Quality,2199,278
1711,C1711,closed,Billing Issue,2498,193
1712,C1712,closed,Billing Issue,602,43
1713,C1713,open,Product Defect,2389,346
1714,C1714,closed,Service Quality,1839,514
1715,C1715,closed,Product Defect,1431,139
1716,C1716,closed,Late Delivery,4778,684
1717,C1717,closed,Product Defect,1765,42
1718,C1718,open,Billing Issue,1162,20
1719,C1719,closed,Service Quality,378,2
1720,C1720,closed,Billing Issue,3109,509
1721,C1721,closed,Late Delivery,4150,662
1722,C1722,closed,Service Quality,4322,386
1723,C1723,closed,Late Delivery,4290,739
1724,C1724,open,Service Quality,2959,475
1725,C1725,closed,Late Delivery,4824,742
1726,C1726,closed,Service Quality,3911,36
1727,C1727,closed,Product Defect,1062,208
1728,C1728,closed,Late Delivery,397,664
1729,C1729,closed,Late Delivery,3317,89
1730,C1730,closed,Billing Issue,820,174
1731,C1731,closed,Late Delivery,2046,142
1732,C1732,open,Service Quality,4178,497
1733,C1733,open,Product Defect,2021,276
1734,C1734,closed,Service Quality,1642,108
1735,C1735,open,Product Defect,1672,609
1736,C1736,open,Billing Issue,4176,27
1737,C1737,open,Product Defect,172,307
1738,C1738,open,Service Quality,2586,316
1739,C1739,open,Late Delivery,497,721
1740,C1740,open,Billing Issue,2997,258
1741,C1741,open,Billing Issue,2617,569
1742,C1742,open,Service Quality,865,55
1743,C1743,open,Billing Issue,2126,184
1744,C1744,closed,Late Delivery,1161,695
1745,C1745,closed,Billing Issue,789,340
1746,C1746,closed,Product Defect,1175,400
1747,C1747,closed,Product Defect,3778,567
1748,C1748,closed,Billing Issue,4485,121
1749,C1749,open,Billing Issue,4673,208
1750,C1750,closed,Billing Issue,2797,287
1751,C1751,open,Late Delivery,1715,199
1752,C1752,closed,Product Defect,1817,794
1753,C1753,open,Service Quality,4319,108
1754,C1754,closed,Late Delivery,1868,318
1755,C1755,closed,Billing Issue,69,328
1756,C1756,open,Service Quality,550,213
1757,C1757,closed,Late Delivery,1385,525
1758,C1758,open,Billing Issue,2330,775
1759,C1759,closed,Late Delivery,2134,759
1760,C1760,closed,Billing Issue,2731,260
1761,C1761,closed,Service Quality,2553,546
1762,C1762,closed,Service Quality,1881,593
1763,C1763,closed,Billing Issue,3732,507
1764,C1764,open,Service Quality,3127,151
1765,C1765,open,Late Delivery,939,206
1766,C1766,open,Late Delivery,8,12
1767,C1767,open,Product Defect,1577,458
1768,C1768,open,Service Quality,3983,74
1769,C1769,open,Product Defect,2110,489
1770,C1770,open,Billing Issue,547,577
1771,C1771,closed,Product Defect,1753,540
1772,C1772,closed,Late Delivery,1044,416
1773,C1773,open,Product Defect,174,790
1774,C1774,open,Late Delivery,3460,749
1775,C1775,closed,Service Quality,2849,412
1776,C1776,closed,Service Quality,3233,652
1777,C1777,closed,Product Defect,3152,287
1778,C1778,closed,Billing Issue,12,60
1779,C1779,open,Late Delivery,1545,224
1780,C1780,open,Late Delivery,811,248
1781,C1781,closed,Product Defect,3548,738
1782,C1782,closed,Service Quality,3973,117
1783,C1783,open,Billing Issue,2232,510
1784,C1784,open,Late Delivery,1455,224
1785,C1785,open,Product Defect,1753,189
1786,C1786,open,Product Defect,3644,722
1787,C1787,closed,Late Delivery,4919,344
1788,C1788,closed,Late Delivery,2141,32
1789,C1789,closed,Product Defect,2356,612
1790,C1790,open,Late Delivery,2148,269
1791,C1791,open,Product Defect,232,450
1792,C1792,open,Product Defect,2372,353
1793,C1793,closed,Billing Issue,2927,667
1794,C1794,closed,Late Delivery,3700,559
1795,C1795,closed,Service Quality,3292,566
1796,C1796,closed,Late Delivery,1118,425
1797,C1797,closed,Late Delivery,4003,447
1798,C1798,closed,Product Defect,4707,733
1799,C1799,open,Service Quality,-1,754
1800,C1800,open,Product Defect,2027,14
1801,C1801,closed,Billing Issue,1567,754
1802,C1802,closed,Product Defect,3695,542
1803,C1803,closed,Billing Issue,20,398
1804,C1804,closed,Billing Issue,577,547
1805,C1805,open,Late Delivery,337,119
1806,C1806,closed,Service Quality,1272,186
1807,C1807,closed,Service Quality,1683,776
1808,C1808,closed,Service Quality,879,117
1809,C1809,open,Service Quality,3848,107
1810,C1810,closed,Billing Issue,1002,793
1811,C1811,closed,Billing Issue,1918,47
1812,C1812,closed,Product Defect,4627,393
1813,C1813,open,Service Quality,4216,623
1814,C1814,closed,Service Quality,14,673
1815,C1815,closed,Service Quality,2657,640
1816,C1816,open,Product Defect,3338,309
1817,C1817,closed,Late Delivery,3084,563
1818,C1818,closed,Service Quality,2812,33
1819,C1819,closed,Late Delivery,3198,573
1820,C1820,open,Billing Issue,1464,140
1821,C1821,closed,Product Defect,2558,21
1822,C1822,open,Product Defect,749,375
1823,C1823,closed,Late Delivery,1835,778
1824,C1824,open,Product Defect,3697,704
1825,C1825,closed,Late Delivery,2383,266
1826,C1826,open,Service Quality,159,374
1827,C1827,closed,Late Delivery,1117,795
1828,C1828,open,Product Defect,526,153
1829,C1829,closed,Service Quality,1430,629
1830,C1830,closed,Billing Issue,993,206
1831,C1831,open,Service Quality,3086,715
1832,C1832,closed,Billing Issue,2367,622
1833,C1833,open,Product Defect,2392,653
1834,C1834,open,Billing Issue,445,69
1835,C1835,closed,Billing Issue,2742,447
1836,C1836,closed,Billing Issue,3437,583
1837,C1837,open,Late Delivery,1395,293
1838,C1838,open,Billing Issue,2257,560
1839,C1839,open,Billing Issue,110,179
1840,C1840,open,Product Defect,4811,313
1841,C1841,open,Billing Issue,402,397
1842,C1842,closed,Late Delivery,2785,652
1843,C1843,closed,Billing Issue,2074,647
1844,C1844,closed,Billing Issue,994,702
1845,C1845,open,Product Defect,3105,498
1846,C1846,open,Product Defect,4416,287
1847,C1847,open,Product Defect,2427,134
1848,C1848,open,Product Defect,958,400
1849,C1849,closed,Service Quality,1057,766
1850,C1850,open,Billing Issue,11,21
1851,C1851,open,Late Delivery,4500,421
1852,C1852,closed,Service Quality,4089,540
1853,C1853,open,Billing Issue,1059,491
1854,C1854,open,Product Defect,3872,463
1855,C1855,closed,Late Delivery,1920,140
1856,C1856,open,Billing Issue,1564,195
1857,C1857,open,Late Delivery,1899,232
1858,C1858,open,Billing Issue,134,566
1859,C1859,closed,Product Defect,1742,116
1860,C1860,closed,Late Delivery,2651,208
1861,C1861,closed,Product Defect,3499,787
1862,C1862,closed,Billing Issue,376,217
1863,C1863,closed,Product Defect,697,724
1864,C1864,open,Service Quality,4671,553
1865,C1865,closed,Service Quality,804,477
1866,C1866,open,Late Delivery,-1,7
1867,C1867,closed,Late Delivery,4622,195
1868,C1868,open,Service Quality,178,289
1869,C1869,closed,Billing Issue,3849,49
1870,C1870,open,Service Quality,4114,106
1871,C1871,closed,Product Defect,751,250
1872,C1872,closed,Service Quality,1957,654
1873,C1873,open,Product Defect,799,729
1874,C1874,closed,Billing Issue,2368,105
1875,C1875,open,Service Quality,4489,42
1876,C1876,closed,Product Defect,3366,640
1877,C1877,open,Service Quality,4646,84
1878,C1878,open,Late Delivery,902,778
1879,C1879,open,Product Defect,2335,125
1880,C1880,closed,Late Delivery,2895,563
1881,C1881,open,Product Defect,3688,688
1882,C1882,open,Service Quality,4797,789
1883,C1883,open,Billing Issue,846,607
1884,C1884,open,Billing Issue,2903,385
1885,C1885,open,Service Quality,4528,260
1886,C1886,closed,Service Quality,4511,688
1887,C1887,open,Late Delivery,4682,685
1888,C1888,closed,Billing Issue,880,433
1889,C1889,closed,Service Quality,764,673
1890,C1890,closed,Service Quality,1400,335
1891,C1891,closed,Late Delivery,3036,687
1892,C1892,closed,Billing Issue,248,623
1893,C1893,open,Product Defect,207,124
1894,C1894,open,Late Delivery,224,449
1895,C1895,closed,Late Delivery,687,29
1896,C1896,closed,Service Quality,3827,238
1897,C1897,closed,Product Defect,4279,189
1898,C1898,open,Billing Issue,3412,791
1899,C1899,closed,Product Defect,1542,719
1900,C1900,open,Billing Issue,4949,411
1901,C1901,closed,Service Quality,3641,124
1902,C1902,open,Billing Issue,3980,203
1903,C1903,closed,Service Quality,4398,266
1904,C1904,open,Late Delivery,154,642
1905,C1905,closed,Billing Issue,4946,374
1906,C1906,open,Service Quality,4441,119
1907,C1907,closed,Billing Issue,4986,509
1908,C1908,closed,Service Quality,4884,322
1909,C1909,open,Product Defect,2273,756
1910,C1910,closed,Billing Issue,3166,384
1911,C1911,open,Product Defect,4429,139
1912,C1912,open,Billing Issue,-1,555
1913,C1913,closed,Late Delivery,1723,127
1914,C1914,closed,Service Quality,1435,720
1915,C1915,open,Late Delivery,575,85
1916,C1916,open,Product Defect,674,593
1917,C1917,open,Product Defect,1568,170
1918,C1918,closed,Late Delivery,4258,731
1919,C1919,closed,Late Delivery,4932,147
1920,C1920,closed,Billing Issue,2683,547
1921,C1921,open,Billing Issue,4259,100
1922,C1922,closed,Service Quality,319,577
1923,C1923,closed,Late Delivery,580,566
1924,C1924,closed,Late Delivery,1967,420
1925,C1925,closed,Service Quality,4087,547
1926,C1926,open,Product Defect,4548,640
1927,C1927,open,Billing Issue,4371,297
1928,C1928,closed,Product Defect,3610,466
1929,C1929,open,Late Delivery,2682,648
1930,C1930,closed,Service Quality,3738,361
1931,C1931,open,Late Delivery,4158,322
1932,C1932,open,Service Quality,2998,80
1933,C1933,closed,Service Quality,1797,140
1934,C1934,open,Billing Issue,4990,185
1935,C1935,open,Service Quality,3684,94
1936,C1936,open,Service Quality,2040,394
1937,C1937,open,Service Quality,3538,310
1938,C1938,closed,Billing Issue,2214,676
1939,C1939,open,Product Defect,1270,239
1940,C1940,open,Product Defect,1077,567
1941,C1941,closed,Service Quality,1133,78
1942,C1942,closed,Billing Issue,60,636
1943,C1943,open,Billing Issue,1696,388
1944,C1944,closed,Product Defect,2056,32
1945,C1945,open,Billing Issue,2357,91
1946,C1946,open,Service Quality,2977,214
1947,C1947,open,Product Defect,906,1
1948,C1948,open,Late Delivery,3406,264
1949,C1949,open,Billing Issue,845,370
1950,C1950,closed,Service Quality,1121,395
1951,C1951,open,Service Quality,4724,702
1952,C1952,open,Late Delivery,4784,671
1953,C1953,open,Product Defect,4463,318
1954,C1954,open,Service Quality,2237,322
1955,C1955,open,Late Delivery,4329,377
1956,C1956,open,Billing Issue,2247,516
1957,C1957,closed,Late Delivery,2674,15
1958,C1958,closed,Service Quality,4953,779
1959,C1959,closed,Billing Issue,4221,320
1960,C1960,open,Billing Issue,4300,296
1961,C1961,closed,Billing Issue,1117,688
1962,C1962,open,Late Delivery,4705,72
1963,C1963,open,Product Defect,4492,81
1964,C1964,open,Late Delivery,2447,506
1965,C1965,closed,Product Defect,3083,244
1966,C1966,closed,Service Quality,3614,745
1967,C1967,open,Service Quality,4842,209
1968,C1968,open,Late Delivery,1444,730
1969,C1969,open,Late Delivery,4672,792
1970,C1970,open,Product Defect,1259,134
1971,C1971,closed,Product Defect,3433,392
1972,C1972,open,Service Quality,958,589
1973,C1973,open,Product Defect,4427,219
1974,C1974,open,Late Delivery,2849,733
1975,C1975,closed,Product Defect,1252,342
1976,C1976,closed,Product Defect,3168,511
1977,C1977,closed,Billing Issue,2991,138
1978,C1978,closed,Late Delivery,270,460
1979,C1979,open,Service Quality,377,200
1980,C1980,open,Billing Issue,2039,789
1981,C1981,closed,Billing Issue,3429,742
1982,C1982,open,Product Defect,1024,510
1983,C1983,closed,Product Defect,544,380
1984,C1984,closed,Late Delivery,3216,358
1985,C1985,closed,Late Delivery,3680,219
1986,C1986,open,Billing Issue,3395,512
1987,C1987,open,Billing Issue,2134,359
1988,C1988,closed,Late Delivery,2649,202
1989,C1989,closed,Billing Issue,1528,227
1990,C1990,closed,Product Defect,1558,127
1991,C1991,closed,Product Defect,1473,204
1992,C1992,closed,Billing Issue,1939,637
1993,C1993,open,Billing Issue,4932,178
1994,C1994,closed,Late Delivery,1667,787
1995,C1995,closed,Service Quality,1031,193
1996,C1996,open,Billing Issue,1492,280
1997,C1997,closed,Product Defect,341,454
1998,C1998,open,Service Quality,1826,140
1999,C1999,closed,Service Quality,1660,143
2000,C2000,closed,Service Quality,4850,445
2001,C2001,open,Billing Issue,1236,546
2002,C2002,closed,Service Quality,1142,668
2003,C2003,open,Billing Issue,1331,458
2004,C2004,closed,Product Defect,3353,464
2005,C2005,closed,Service Quality,497,115
2006,C2006,closed,Service Quality,4313,430
2007,C2007,open,Billing Issue,3086,75
2008,C2008,closed,Late Delivery,3076,81
2009,C2009,open,Product Defect,1036,631
2010,C2010,open,Product Defect,1309,111
2011,C2011,closed,Billing Issue,1884,230
2012,C2012,open,Service Quality,2224,449
2013,C2013,closed,Late Delivery,1603,493
2014,C2014,open,Billing Issue,1526,592
2015,C2015,open,Late Delivery,231,212
2016,C2016,open,Billing Issue,3073,205
2017,C2017,open,Product Defect,4146,232
2018,C2018,open,Product Defect,1079,240
2019,C2019,open,Service Quality,2803,564
2020,C2020,closed,Late Delivery,480,394
2021,C2021,closed,Service Quality,889,561
2022,C2022,open,Late Delivery,3004,401
2023,C2023,closed,Product Defect,2984,67
2024,C2024,open,Product Defect,2586,259
2025,C2025,closed,Late Delivery,1303,769
2026,C2026,open,Late Delivery,191,696
2027,C2027,open,Product Defect,2592,80
2028,C2028,open,Product Defect,4098,306
2029,C2029,closed,Late Delivery,3702,105
2030,C2030,closed,Billing Issue,580,104
2031,C2031,open,Late Delivery,3610,386
2032,C2032,open,Late Delivery,4231,119
2033,C2033,closed,Service Quality,2382,242
2034,C2034,closed,Product Defect,4592,479
2035,C2035,closed,Billing Issue,3480,317
2036,C2036,closed,Late Delivery,4776,529
2037,C2037,open,Product Defect,4817,303
2038,C2038,open,Service Quality,1776,208
2039,C2039,closed,Service Quality,78,217
2040,C2040,closed,Service Quality,295,317
2041,C2041,closed,Billing Issue,3570,331
2042,C2042,open,Service Quality,3714,136
2043,C2043,open,Billing Issue,1583,77
2044,C2044,closed,Billing Issue,926,623
2045,C2045,closed,Billing Issue,3864,352
2046,C2046,open,Product Defect,3438,116
2047,C2047,closed,Product Defect,892,524
2048,C2048,closed,Service Quality,2045,753
2049,C2049,closed,Product Defect,4035,436
2050,C2050,open,Billing Issue,2367,762
2051,C2051,open,Billing Issue,1303,153
2052,C2052,closed,Product Defect,-1,584
2053,C2053,open,Late Delivery,3043,791
2054,C2054,closed,Service Quality,2905,785
2055,C2055,closed,Late Delivery,1917,468
2056,C2056,open,Product Defect,2695,591
2057,C2057,closed,Billing Issue,4191,532
2058,C2058,closed,Service Quality,4532,673
2059,C2059,closed,Billing Issue,3819,179
2060,C2060,open,Billing Issue,218,323
2061,C2061,open,Late Delivery,1123,301
2062,C2062,closed,Service Quality,4663,625
2063,C2063,closed,Product Defect,1545,790
2064,C2064,open,Late Delivery,122,720
2065,C2065,open,Late Delivery,3432,20
2066,C2066,open,Late Delivery,4410,793
2067,C2067,open,Product Defect,-1,286
2068,C2068,open,Product Defect,493,55
2069,C2069,open,Billing Issue,4755,790
2070,C2070,open,Product Defect,4392,571
2071,C2071,open,Billing Issue,4508,77
2072,C2072,open,Service Quality,24,774
2073,C2073,open,Product Defect,2616,355
2074,C2074,closed,Billing Issue,2353,361
2075,C2075,closed,Product Defect,3120,790
2076,C2076,closed,Late Delivery,4844,443
2077,C2077,closed,Service Quality,4875,694
2078,C2078,open,Product Defect,4547,154
2079,C2079,open,Product Defect,3825,576
2080,C2080,closed,Late Delivery,2047,798
2081,C2081,open,Billing Issue,2758,85
2082,C2082,closed,Late Delivery,-1,702
2083,C2083,open,Late Delivery,3884,209
2084,C2084,open,Service Quality,2477,375
2085,C2085,closed,Billing Issue,3606,11
2086,C2086,closed,Service Quality,2353,594
2087,C2087,closed,Late Delivery,3209,9
2088,C2088,open,Late Delivery,1758,212
2089,C2089,open,Billing Issue,249,4
2090,C2090,closed,Product Defect,-1,35
2091,C2091,closed,Product Defect,35,261
2092,C2092,open,Late Delivery,4465,6
2093,C2093,open,Late Delivery,3207,37
2094,C2094,open,Billing Issue,1963,187
2095,C2095,open,Service Quality,4611,692
2096,C2096,open,Product Defect,2838,785
2097,C2097,open,Late Delivery,1501,164
2098,C2098,closed,Product Defect,1402,753
2099,C2099,open,Billing Issue,2184,736
2100,C2100,open,Service Quality,1568,407
2101,C2101,open,Late Delivery,1426,635
2102,C2102,open,Service Quality,4013,155
2103,C2103,open,Product Defect,2199,169
2104,C2104,closed,Service Quality,3084,88
2105,C2105,closed,Billing Issue,390,667
2106,C2106,open,Service Quality,3070,322
2107,C2107,closed,Service Quality,1327,413
2108,C2108,closed,Service Quality,3392,206
2109,C2109,open,Billing Issue,3574,31
2110,C2110,closed,Product Defect,2773,475
2111,C2111,open,Late Delivery,4401,41
2112,C2112,closed,Billing Issue,3481,76
2113,C2113,open,Late Delivery,1186,378
2114,C2114,closed,Late Delivery,-1,393
2115,C2115,closed,Billing Issue,2203,106
2116,C2116,open,Product Defect,4509,506
2117,C2117,closed,Product Defect,794,473
2118,C2118,open,Late Delivery,2007,142
2119,C2119,closed,Late Delivery,4878,254
2120,C2120,open,Service Quality,4934,287
2121,C2121,closed,Late Delivery,4022,687
2122,C2122,closed,Late Delivery,4653,354
2123,C2123,open,Late Delivery,316,150
2124,C2124,open,Service Quality,3170,354
2125,C2125,closed,Late Delivery,3072,391
2126,C2126,open,Product Defect,3770,28
2127,C2127,open,Service Quality,2075,417
2128,C2128,closed,Billing Issue,3059,142
2129,C2129,closed,Late Delivery,2494,716
2130,C2130,open,Product Defect,2500,717
2131,C2131,closed,Billing Issue,1317,584
2132,C2132,open,Late Delivery,293,55
2133,C2133,closed,Billing Issue,102,413
2134,C2134,open,Late Delivery,4209,127
2135,C2135,closed,Service Quality,3944,347
2136,C2136,closed,Billing Issue,43,534
2137,C2137,open,Late Delivery,154,136
2138,C2138,open,Service Quality,3125,258
2139,C2139,closed,Service Quality,-1,124
2140,C2140,open,Billing Issue,2014,586
2141,C2141,closed,Late Delivery,444,522
2142,C2142,open,Billing Issue,4530,472
2143,C2143,closed,Product Defect,1240,324
2144,C2144,closed,Billing Issue,2484,78
2145,C2145,open,Late Delivery,3162,539
2146,C2146,open,Product Defect,1730,681
2147,C2147,closed,Late Delivery,660,398
2148,C2148,open,Billing Issue,4698,754
2149,C2149,open,Product Defect,4842,178
2150,C2150,closed,Product Defect,2476,435
2151,C2151,open,Product Defect,4873,304
2152,C2152,open,Service Quality,3992,729
2153,C2153,open,Late Delivery,3712,47
2154,C2154,closed,Service Quality,2046,131
2155,C2155,closed,Product Defect,3739,448
2156,C2156,closed,Billing Issue,3038,177
2157,C2157,open,Service Quality,4242,602
2158,C2158,closed,Billing Issue,2464,421
2159,C2159,closed,Billing Issue,1860,636
2160,C2160,closed,Product Defect,3065,472
2161,C2161,closed,Late Delivery,2924,682
2162,C2162,closed,Service Quality,2395,436
2163,C2163,open,Billing Issue,3068,238
2164,C2164,open,Billing Issue,571,575
2165,C2165,closed,Late Delivery,19,217
2166,C2166,closed,Service Quality,2669,729
2167,C2167,closed,Product Defect,3989,73
2168,C2168,open,Late Delivery,-1,88
2169,C2169,closed,Billing Issue,734,680
2170,C2170,open,Product Defect,928,618
2171,C2171,open,Product Defect,4330,530
2172,C2172,open,Late Delivery,2171,589
2173,C2173,open,Late Delivery,1212,446
2174,C2174,closed,Late Delivery,2715,146
2175,C2175,open,Product Defect,3194,558
2176,C2176,closed,Product Defect,3477,218
2177,C2177,closed,Product Defect,1445,250
2178,C2178,open,Billing Issue,2049,205
2179,C2179,open,Service Quality,461,555
2180,C2180,open,Late Delivery,805,691
2181,C2181,open,Late Delivery,2478,109
2182,C2182,open,Billing Issue,376,61
2183,C2183,open,Service Quality,2802,736
2184,C2184,closed,Service Quality,2294,413
2185,C2185,open,Service Quality,3529,338
2186,C2186,closed,Billing Issue,2942,45
2187,C2187,open,Product Defect,4886,190
2188,C2188,open,Product Defect,4175,760
2189,C2189,closed,Late Delivery,1602,328
2190,C2190,closed,Billing Issue,1565,86
2191,C2191,closed,Late Delivery,1565,427
2192,C2192,open,Late Delivery,4504,629
2193,C2193,closed,Late Delivery,4512,194
2194,C2194,open,Late Delivery,-1,63
2195,C2195,closed,Late Delivery,1156,567
2196,C2196,open,Product Defect,3330,591
2197,C2197,open,Product Defect,2849,410
2198,C2198,closed,Service Quality,3791,318
2199,C2199,open,Billing Issue,3445,792
2200,C2200,closed,Product Defect,4979,329
2201,C2201,open,Billing Issue,3546,393
2202,C2202,open,Service Quality,1885,381
2203,C2203,open,Service Quality,2559,346
2204,C2204,closed,Late Delivery,-1,566
2205,C2205,open,Late Delivery,2847,498
2206,C2206,closed,Billing Issue,3326,730
2207,C2207,closed,Late Delivery,1075,287
2208,C2208,open,Service Quality,482,713
2209,C2209,closed,Billing Issue,2201,408
2210,C2210,open,Late Delivery,601,480
2211,C2211,open,Late Delivery,3267,252
2212,C2212,closed,Billing Issue,1775,588
2213,C2213,open,Service Quality,4503,255
2214,C2214,closed,Service Quality,577,101
2215,C2215,open,Product Defect,3490,360
2216,C2216,open,Service Quality,2273,711
2217,C2217,closed,Service Quality,3546,475
2218,C2218,closed,Product Defect,4366,322
2219,C2219,closed,Billing Issue,4355,643
2220,C2220,open,Product Defect,3303,591
2221,C2221,closed,Service Quality,2426,579
2222,C2222,open,Service Quality,1649,407
2223,C2223,open,Product Defect,453,700
2224,C2224,open,Product Defect,2707,186
2225,C2225,closed,Billing Issue,4529,57
2226,C2226,open,Billing Issue,97,69
2227,C2227,closed,Product Defect,4081,1
2228,C2228,open,Late Delivery,1556,66
2229,C2229,closed,Service Quality,1126,648
2230,C2230,closed,Service Quality,1155,285
2231,C2231,closed,Service Quality,2553,292
2232,C2232,closed,Billing Issue,1313,609
2233,C2233,closed,Service Quality,1681,310
2234,C2234,closed,Service Quality,3474,639
2235,C2235,closed,Service Quality,873,641
2236,C2236,open,Product Defect,2807,232
2237,C2237,open,Service Quality,2962,312
2238,C2238,closed,Product Defect,360,63
2239,C2239,open,Billing Issue,2093,553
2240,C2240,open,Billing Issue,-1,501
2241,C2241,open,Billing Issue,364,476
2242,C2242,closed,Billing Issue,2036,388
2243,C2243,closed,Late Delivery,4999,688
2244,C2244,open,Late Delivery,259,141
2245,C2245,open,Late Delivery,4378,56
2246,C2246,closed,Late Delivery,2239,413
2247,C2247,closed,Billing Issue,4016,160
2248,C2248,open,Service Quality,4735,22
2249,C2249,closed,Product Defect,369,736
2250,C2250,open,Service Quality,2170,81
2251,C2251,closed,Late Delivery,3690,423
2252,C2252,closed,Service Quality,2826,207
2253,C2253,closed,Service Quality,3573,131
2254,C2254,open,Service Quality,3892,554
2255,C2255,open,Late Delivery,4623,480
2256,C2256,open,Late Delivery,3380,637
2257,C2257,open,Product Defect,2979,241
2258,C2258,open,Late Delivery,4010,292
2259,C2259,open,Product Defect,1191,440
2260,C2260,open,Service Quality,3017,776
2261,C2261,open,Product Defect,4692,741
2262,C2262,open,Billing Issue,4436,776
2263,C2263,closed,Late Delivery,2557,556
2264,C2264,closed,Late Delivery,1428,29
2265,C2265,open,Late Delivery,2522,524
2266,C2266,open,Billing Issue,1106,462
2267,C2267,open,Billing Issue,2430,287
2268,C2268,closed,Product Defect,3468,657
2269,C2269,closed,Late Delivery,2265,331
2270,C2270,closed,Billing Issue,1374,439
2271,C2271,open,Product Defect,52,148
2272,C2272,open,Billing Issue,2999,569
2273,C2273,closed,Billing Issue,3000,754
2274,C2274,open,Service Quality,1557,619
2275,C2275,closed,Product Defect,4748,560
2276,C2276,closed,Billing Issue,4795,409
2277,C2277,open,Late Delivery,1025,594
2278,C2278,closed,Billing Issue,2505,253
2279,C2279,closed,Service Quality,4272,27
2280,C2280,open,Product Defect,4096,238
2281,C2281,open,Product Defect,4454,590
2282,C2282,closed,Service Quality,2313,739
2283,C2283,open,Product Defect,2200,270
2284,C2284,open,Late Delivery,3232,656
2285,C2285,closed,Billing Issue,536,295
2286,C2286,open,Billing Issue,1983,554
2287,C2287,closed,Product Defect,3061,551
2288,C2288,closed,Billing Issue,4461,644
2289,C2289,closed,Product Defect,4624,323
2290,C2290,closed,Late Delivery,4674,9
2291,C2291,closed,Billing Issue,4827,193
2292,C2292,closed,Billing Issue,3148,250
2293,C2293,open,Billing Issue,2181,626
2294,C2294,open,Billing Issue,2305,71
2295,C2295,open,Late Delivery,2477,582
2296,C2296,closed,Product Defect,4320,644
2297,C2297,closed,Service Quality,-1,474
2298,C2298,closed,Billing Issue,3578,654
2299,C2299,open,Product Defect,1149,246
2300,C2300,open,Late Delivery,1338,414
2301,C2301,closed,Product Defect,270,296
2302,C2302,closed,Billing Issue,875,351
2303,C2303,closed,Product Defect,4708,716
2304,C2304,open,Billing Issue,1904,33
2305,C2305,closed,Billing Issue,466,104
2306,C2306,open,Late Delivery,2574,498
2307,C2307,closed,Billing Issue,3852,326
2308,C2308,closed,Late Delivery,1673,55
2309,C2309,open,Billing Issue,4467,90
2310,C2310,open,Billing Issue,1647,525
2311,C2311,open,Billing Issue,2979,754
2312,C2312,open,Billing Issue,1949,482
2313,C2313,open,Billing Issue,3962,341
2314,C2314,open,Billing Issue,3770,55
2315,C2315,open,Service Quality,3494,313
2316,C2316,closed,Late Delivery,3351,499
2317,C2317,open,Late Delivery,4688,632
2318,C2318,open,Late Delivery,4912,555
2319,C2319,open,Service Quality,4059,690
2320,C2320,closed,Product Defect,899,667
2321,C2321,open,Late Delivery,3451,562
2322,C2322,closed,Late Delivery,4038,493
2323,C2323,open,Billing Issue,1096,301
2324,C2324,open,Service Quality,1896,403
2325,C2325,open,Product Defect,3264,486
2326,C2326,open,Product Defect,1666,187
2327,C2327,closed,Late Delivery,4397,448
2328,C2328,closed,Billing Issue,1939,417
2329,C2329,open,Service Quality,-1,685
2330,C2330,closed,Product Defect,504,633
2331,C2331,closed,Billing Issue,1697,787
2332,C2332,open,Service Quality,3583,152
2333,C2333,open,Product Defect,3327,740
2334,C2334,open,Billing Issue,4778,520
2335,C2335,open,Product Defect,1742,749
2336,C2336,closed,Late Delivery,3180,303
2337,C2337,open,Service Quality,2398,731
2338,C2338,closed,Product Defect,673,777
2339,C2339,closed,Late Delivery,2019,161
2340,C2340,closed,Product Defect,2915,601
2341,C2341,open,Service Quality,1500,778
2342,C2342,closed,Product Defect,4501,526
2343,C2343,open,Service Quality,190,11
2344,C2344,closed,Billing Issue,2130,326
2345,C2345,open,Billing Issue,-1,767
2346,C2346,closed,Late Delivery,3308,178
2347,C2347,open,Product Defect,1317,503
2348,C2348,open,Product Defect,1813,127
2349,C2349,closed,Service Quality,4397,517
2350,C2350,closed,Service Quality,4377,156
2351,C2351,open,Billing Issue,1973,577
2352,C2352,closed,Product Defect,30,490
2353,C2353,closed,Service Quality,4276,358
2354,C2354,open,Late Delivery,3773,204
2355,C2355,closed,Service Quality,218,236
2356,C2356,open,Late Delivery,-1,348
2357,C2357,open,Product Defect,3588,686
2358,C2358,closed,Billing Issue,3942,443
2359,C2359,open,Late Delivery,766,178
2360,C2360,closed,Product Defect,2541,419
2361,C2361,closed,Late Delivery,1760,383
2362,C2362,open,Product Defect,4508,305
2363,C2363,closed,Late Delivery,1498,729
2364,C2364,open,Billing Issue,4423,435
2365,C2365,open,Billing Issue,4513,659
2366,C2366,open,Service Quality,3600,483
2367,C2367,closed,Product Defect,4045,670
2368,C2368,closed,Product Defect,4040,587
2369,C2369,closed,Billing Issue,2493,96
2370,C2370,closed,Product Defect,1652,117
2371,C2371,closed,Late Delivery,3231,511
2372,C2372,closed,Late Delivery,3644,405
2373,C2373,open,Product Defect,4178,383
2374,C2374,open,Product Defect,4443,415
2375,C2375,closed,Product Defect,1125,522
2376,C2376,closed,Product Defect,3175,270
2377,C2377,open,Late Delivery,4771,568
2378,C2378,open,Service Quality,4237,628
2379,C2379,closed,Product Defect,1191,517
2380,C2380,closed,Billing Issue,4323,614
2381,C2381,open,Late Delivery,1633,441
2382,C2382,open,Product Defect,1252,123
2383,C2383,closed,Service Quality,2853,295
2384,C2384,open,Billing Issue,3434,8
2385,C2385,closed,Product Defect,2187,688
2386,C2386,closed,Late Delivery,2093,773
2387,C2387,closed,Product Defect,3066,269
2388,C2388,closed,Billing Issue,654,139
2389,C2389,closed,Product Defect,4800,44
2390,C2390,closed,Product Defect,2174,424
2391,C2391,closed,Service Quality,3493,489
2392,C2392,closed,Product Defect,3684,496
2393,C2393,open,Service Quality,1837,128
2394,C2394,closed,Product Defect,4812,783
2395,C2395,closed,Late Delivery,3512,375
2396,C2396,closed,Late Delivery,2242,229
2397,C2397,open,Service Quality,3988,112
2398,C2398,closed,Service Quality,2358,113
2399,C2399,closed,Billing Issue,1993,453
2400,C2400,closed,Billing Issue,3750,436
2401,C2401,open,Late Delivery,2754,677
2402,C2402,closed,Product Defect,4505,195
2403,C2403,closed,Billing Issue,2746,300
2404,C2404,open,Service Quality,2213,785
2405,C2405,open,Billing Issue,2626,387
2406,C2406,closed,Service Quality,120,526
2407,C2407,closed,Product Defect,4028,471
2408,C2408,closed,Billing Issue,2582,277
2409,C2409,open,Product Defect,1137,539
2410,C2410,closed,Product Defect,2279,52
2411,C2411,open,Late Delivery,1973,336
2412,C2412,open,Billing Issue,4538,131
2413,C2413,closed,Service Quality,-1,693
2414,C2414,closed,Product Defect,634,160
2415,C2415,closed,Late Delivery,44,768
2416,C2416,closed,Product Defect,3835,43
2417,C2417,closed,Product Defect,1337,347
2418,C2418,closed,Late Delivery,544,550
2419,C2419,open,Billing Issue,1130,683
2420,C2420,closed,Service Quality,1551,40
2421,C2421,closed,Service Quality,2515,600
2422,C2422,closed,Service Quality,1671,545
2423,C2423,open,Late Delivery,904,713
2424,C2424,closed,Product Defect,2448,353
2425,C2425,closed,Product Defect,2542,51
2426,C2426,open,Service Quality,2602,291
2427,C2427,open,Billing Issue,2492,26
2428,C2428,open,Billing Issue,4269,236
2429,C2429,open,Product Defect,3658,100
2430,C2430,closed,Product Defect,3469,259
2431,C2431,open,Late Delivery,4343,736
2432,C2432,open,Late Delivery,3494,492
2433,C2433,closed,Late Delivery,831,568
2434,C2434,open,Late Delivery,3059,235
2435,C2435,open,Service Quality,1703,260
2436,C2436,closed,Billing Issue,2002,483
2437,C2437,open,Late Delivery,4595,299
2438,C2438,closed,Service Quality,2416,706
2439,C2439,open,Service Quality,2698,451
2440,C2440,closed,Product Defect,4574,149
2441,C2441,open,Service Quality,4042,131
2442,C2442,closed,Product Defect,1193,441
2443,C2443,closed,Billing Issue,2026,640
2444,C2444,closed,Service Quality,1046,544
2445,C2445,closed,Product Defect,997,623
2446,C2446,closed,Billing Issue,171,132
2447,C2447,closed,Product Defect,4925,69
2448,C2448,open,Product Defect,1276,96
2449,C2449,open,Late Delivery,4003,429
2450,C2450,closed,Billing Issue,1093,203
2451,C2451,closed,Billing Issue,2825,713
2452,C2452,closed,Billing Issue,4990,205
2453,C2453,closed,Billing Issue,2597,93
2454,C2454,closed,Product Defect,749,236
2455,C2455,open,Billing Issue,927,255
2456,C2456,closed,Billing Issue,486,173
2457,C2457,open,Product Defect,3598,216
2458,C2458,closed,Product Defect,1986,285
2459,C2459,closed,Billing Issue,581,411
2460,C2460,open,Late Delivery,4400,728
2461,C2461,open,Product Defect,1126,670
2462,C2462,closed,Service Quality,3267,482
2463,C2463,closed,Product Defect,4230,414
2464,C2464,open,Product Defect,2879,160
2465,C2465,open,Product Defect,2161,8
2466,C2466,closed,Billing Issue,1696,394
2467,C2467,open,Late Delivery,4557,721
2468,C2468,open,Product Defect,2730,17
2469,C2469,open,Service Quality,3128,211
2470,C2470,closed,Service Quality,963,130
2471,C2471,closed,Product Defect,518,489
2472,C2472,closed,Service Quality,3316,416
2473,C2473,closed,Service Quality,330,96
2474,C2474,closed,Billing Issue,207,724
2475,C2475,closed,Late Delivery,570,642
2476,C2476,closed,Product Defect,2277,463
2477,C2477,closed,Billing Issue,4457,35
2478,C2478,open,Late Delivery,2550,230
2479,C2479,closed,Product Defect,174,647
2480,C2480,closed,Late Delivery,753,709
2481,C2481,open,Late Delivery,1863,653
2482,C2482,closed,Service Quality,3424,526
2483,C2483,closed,Service Quality,1239,798
2484,C2484,closed,Service Quality,4395,20
2485,C2485,open,Late Delivery,4493,482
2486,C2486,closed,Billing Issue,1392,418
2487,C2487,closed,Billing Issue,1977,622
2488,C2488,open,Service Quality,3348,487
2489,C2489,closed,Product Defect,4177,754
2490,C2490,closed,Billing Issue,2473,793
2491,C2491,open,Service Quality,257,351
2492,C2492,open,Billing Issue,3125,242
2493,C2493,closed,Product Defect,1283,169
2494,C2494,closed,Billing Issue,3039,502
2495,C2495,closed,Late Delivery,-1,213
2496,C2496,closed,Product Defect,502,526
2497,C2497,closed,Billing Issue,524,99
2498,C2498,open,Late Delivery,1503,343
2499,C2499,closed,Billing Issue,2742,509
2500,C2500,closed,Service Quality,946,161
